Buy Date,Sell Date,Buy Price,Sell Price,Peak Price,Signal Type,Signal Strength,RSI at Buy,MACD at Buy,ROC at Buy,Profit/Loss,Return %,Days Held,Exit Reason,Investment After Trade,Ticker,Name,Holding Period
2025-06-27 00:00:00+05:30,2025-07-02 00:00:00+05:30,2582.0,2630.199951171875,2630.199951171875,MOMENTUM_BUY,75,56.29936341614557,21.588098728138448,5.518567401953865,42.987751220703124,1.664901286626767,3,Holding Period Complete,100042.9877512207,ADANIENT.NS,Adani Enterprises,3
2022-08-16 00:00:00+05:30,2022-08-19 00:00:00+05:30,778.7208905771454,858.1038208007812,858.1038208007812,MOMENTUM_BUY,75,79.51468983521417,22.29533372799233,7.915409753645047,77.74610551225794,9.983821732923689,3,Holding Period Complete,100077.74610551225,ADANIPORTS.NS,Adani Ports,3
2023-05-22 00:00:00+05:30,2023-05-25 00:00:00+05:30,682.2604875154382,713.1179809570312,722.5178833007812,MOMENTUM_BUY,75,65.10024454057532,10.451465959330449,6.510002954291036,29.46211497312061,4.318308844238022,3,Holding Period Complete,100107.20822048538,ADANIPORTS.NS,Adani Ports,3
2023-09-11 00:00:00+05:30,2023-09-14 00:00:00+05:30,827.4072380798503,842.0726318359375,850.9412841796875,MOMENTUM_BUY,75,57.49528744753095,14.693375561535163,9.288497658777969,12.995913886171367,1.570679260231124,3,Holding Period Complete,100120.20413437155,ADANIPORTS.NS,Adani Ports,3
2022-09-06 00:00:00+05:30,2022-09-07 00:00:00+05:30,4256.186107726643,4340.2333984375,4340.2333984375,MOMENTUM_BUY,75,54.15509100126051,48.54361997203978,9.70459608338593,75.4508712046928,1.7727343047269468,1,Holding Period Complete,100075.4508712047,APOLLOHOSP.NS,Apollo Hospitals,1
2022-09-21 00:00:00+05:30,2022-09-22 00:00:00+05:30,4518.246665175074,4570.7080078125,4570.7080078125,MOMENTUM_BUY,75,68.49138905977946,71.04191029947015,5.2165095888105455,43.37238796443867,0.9599384712378928,1,Holding Period Complete,100118.82325916913,APOLLOHOSP.NS,Apollo Hospitals,1
2024-11-07 00:00:00+05:30,2024-11-08 00:00:00+05:30,7180.9387591898785,7401.4443359375,7401.4443359375,MOMENTUM_BUY,75,76.19581310880358,36.025770413023565,6.768623867847223,205.92319365249412,2.867636120541508,1,Holding Period Complete,100324.74645282162,APOLLOHOSP.NS,Apollo Hospitals,1
2022-10-11 00:00:00+05:30,2022-10-27 00:00:00+05:30,772.4536946685084,912.7320556640624,912.7320556640624,MOMENTUM_BUY,75,42.69994839490414,0.3202143192852418,5.783745354507038,138.59317524522137,17.9419395883267,11,Holding Period Complete,100138.59317524522,AXISBANK.NS,Axis Bank,11
2024-06-19 00:00:00+05:30,2024-07-04 00:00:00+05:30,1183.5742898322244,1278.8193359375,1286.856201171875,MOMENTUM_BUY,75,59.792164264179675,18.339610821803262,8.433157021084622,92.78265247950588,7.839191276506871,11,Holding Period Complete,100231.37582772473,AXISBANK.NS,Axis Bank,11
2025-04-16 00:00:00+05:30,2025-05-02 00:00:00+05:30,1111.6499810412404,1182.3895263671875,1221.9556884765625,MOMENTUM_BUY,75,62.0972550919628,19.221033867429014,5.381138873875747,68.44550581853869,6.157109430652658,10,MACD Bearish Crossover,100299.82133354327,AXISBANK.NS,Axis Bank,11
2023-12-27 00:00:00+05:30,2024-01-12 00:00:00+05:30,6254.564258321385,7064.052734375,7064.052734375,MOMENTUM_BUY,75,75.93028370579053,205.80583622462746,7.282312739336326,796.1698590609187,12.72942168595765,12,Holding Period Complete,100796.16985906092,BAJAJ-AUTO.NS,Bajaj Auto,12
2023-07-04 00:00:00+05:30,2023-07-17 00:00:00+05:30,1563.351604276144,1608.4510498046875,1618.09033203125,MOMENTUM_BUY,75,78.2266984475687,33.14319547000059,5.733573115377915,41.927642874462755,2.6819074327093495,9,Holding Period Complete,100041.92764287446,BAJAJFINSV.NS,Bajaj Finserv,9
2023-10-06 00:00:00+05:30,2023-10-19 00:00:00+05:30,1549.3172718216813,1632.923828125,1655.798095703125,MOMENTUM_BUY,75,63.54082198796466,13.051403550112127,7.105884753235794,80.42431520337203,5.190951954521841,9,Holding Period Complete,100122.35195807784,BAJAJFINSV.NS,Bajaj Finserv,9
2025-02-13 00:00:00+05:30,2025-02-27 00:00:00+05:30,1795.7751258573403,1924.6123046875,1924.6123046875,MOMENTUM_BUY,75,67.04643075798751,31.183666291933378,6.517486029923593,125.11679139961485,6.967286137226202,9,Holding Period Complete,100247.46874947746,BAJAJFINSV.NS,Bajaj Finserv,9
2023-07-04 00:00:00+05:30,2023-07-05 00:00:00+05:30,753.8413785248312,776.2308959960938,776.2308959960938,MOMENTUM_BUY,75,71.9005947060756,15.108731194628604,6.8729518174013124,20.859445196741667,2.7670867892076805,1,Holding Period Complete,100020.85944519674,BAJFINANCE.NS,Bajaj Finance,1
2025-03-21 00:00:00+05:30,2025-03-24 00:00:00+05:30,878.8782680147848,904.6594848632812,904.6594848632812,MOMENTUM_BUY,75,63.61516898191836,15.07646851103766,6.007112201282442,23.99767909561839,2.7304895306860284,1,Holding Period Complete,100044.85712429235,BAJFINANCE.NS,Bajaj Finance,1
2024-01-29 00:00:00+05:30,2024-01-30 00:00:00+05:30,219.70081498216567,235.98883056640625,235.98883056640625,MOMENTUM_BUY,75,69.47314757652892,5.400755017216966,7.401345960296098,15.83232593869201,7.206311883721145,1,Holding Period Complete,100015.8323259387,BPCL.NS,Bharat Petroleum,1
2024-06-03 00:00:00+05:30,2024-06-04 00:00:00+05:30,305.0256382929125,292.82461276119597,305.0256382929125,MOMENTUM_BUY,75,70.95867700737082,4.856002869693555,6.024203536769441,-12.798875782770647,-4.196000000000013,1,Stop Loss,100003.03345015593,BPCL.NS,Bharat Petroleum,1
2024-09-27 00:00:00+05:30,2024-09-30 00:00:00+05:30,334.60070509632766,357.40008544921875,357.40008544921875,MOMENTUM_BUY,75,63.122494757804624,1.809766151565725,7.303543950684322,22.107379562345546,6.607092939622195,1,Holding Period Complete,100025.14082971828,BPCL.NS,Bharat Petroleum,1
2022-11-07 00:00:00+05:30,2022-12-19 00:00:00+05:30,3764.8188372928257,4336.19189453125,4336.19189453125,MOMENTUM_BUY,75,76.09151929893224,30.995086350817928,9.137282497252006,563.2720465066002,14.961464836688746,29,Holding Period Complete,100563.2720465066,BRITANNIA.NS,Britannia Industries,29
2022-04-20 00:00:00+05:30,2022-04-25 00:00:00+05:30,151.51148198317622,145.45102270384916,159.04476928710938,MOMENTUM_BUY,75,64.14688343653496,3.6637984902953065,6.045266521646045,-6.357421784014088,-4.196000000000009,3,Stop Loss,99993.642578216,COALINDIA.NS,Coal India,24
2023-08-01 00:00:00+05:30,2023-08-18 00:00:00+05:30,194.6062866362185,196.71861267089844,199.66375732421875,MOMENTUM_BUY,75,59.643435508995694,0.3024538534347414,5.301216550293688,1.7210011353728214,0.884350225843384,12,MACD Bearish Crossover,99995.36357935137,COALINDIA.NS,Coal India,24
2023-11-13 00:00:00+05:30,2023-12-19 00:00:00+05:30,285.6722579487566,331.92645263671875,331.92645263671875,MOMENTUM_BUY,75,79.20324021680862,8.610221552053304,11.063426239188455,45.63659597737665,15.975158492835822,24,Holding Period Complete,100041.00017532875,COALINDIA.NS,Coal India,24
2023-12-28 00:00:00+05:30,2024-01-10 00:00:00+05:30,330.88621005769494,345.5852355957031,355.17352294921875,MOMENTUM_BUY,75,67.46989518953075,10.13318391055725,10.356321405457411,14.022554092354788,4.237878057810191,9,MACD Bearish Crossover,100055.0227294211,COALINDIA.NS,Coal India,24
2024-01-29 00:00:00+05:30,2024-02-12 00:00:00+05:30,354.13328829871153,394.6031188964844,415.3717041015625,MOMENTUM_BUY,75,67.14713955313914,7.894967939216997,7.402097783320698,39.721094190577645,11.216424861215783,10,Trailing Stop,100094.74382361169,COALINDIA.NS,Coal India,24
2024-06-05 00:00:00+05:30,2024-06-10 00:00:00+05:30,573.263295699139,607.9337158203125,607.9337158203125,MOMENTUM_BUY,75,70.8909385250936,11.350007793534132,8.348369809354745,33.48922310965404,5.841857199109763,3,Holding Period Complete,100033.48922310966,DABUR.NS,Dabur India,3
2022-11-01 00:00:00+05:30,2022-11-03 00:00:00+05:30,3548.0634600158855,3711.3798828125,3711.3798828125,MOMENTUM_BUY,75,74.10053387389127,4.508015683583835,7.206835916225715,156.05697945378608,4.398370581936755,2,Holding Period Complete,100156.05697945379,DIVISLAB.NS,Divi's Laboratories,2
2023-07-05 00:00:00+05:30,2023-07-07 00:00:00+05:30,3497.1247819071277,3600.669921875,3667.606689453125,MOMENTUM_BUY,75,69.04346744407553,59.40590440232336,5.0964584415217535,96.44734526409015,2.757904029134854,2,Holding Period Complete,100252.50432471788,DIVISLAB.NS,Divi's Laboratories,2
2023-08-07 00:00:00+05:30,2023-08-09 00:00:00+05:30,3690.32752133542,3668.440673828125,3775.12646484375,MOMENTUM_BUY,75,74.85119436446014,51.49647658521371,6.0919782322867055,-29.245615702458533,-0.7924937700888784,2,Holding Period Complete,100223.25870901543,DIVISLAB.NS,Divi's Laboratories,2
2023-12-26 00:00:00+05:30,2023-12-28 00:00:00+05:30,3654.823968005856,3898.16552734375,3898.16552734375,MOMENTUM_BUY,75,61.826985690671385,23.59498910014463,5.258130713264101,235.78856984254446,6.451434375680626,2,Holding Period Complete,100459.04727885796,DIVISLAB.NS,Divi's Laboratories,2
2024-10-09 00:00:00+05:30,2024-10-11 00:00:00+05:30,5616.475932453127,6114.40869140625,6114.40869140625,MOMENTUM_BUY,75,78.71806291604862,134.93935238018912,11.420633019013053,486.2018743292637,8.656707162580215,2,Holding Period Complete,100945.24915318722,DIVISLAB.NS,Divi's Laboratories,2
2022-05-20 00:00:00+05:30,2022-05-27 00:00:00+05:30,773.9397772147149,854.83837890625,854.83837890625,MOMENTUM_BUY,75,58.25868537981506,-10.036103447370579,8.101714739894788,79.26982353541412,10.242376198919958,5,Holding Period Complete,100079.26982353542,DRREDDY.NS,Dr. Reddy's Laboratories,5
2022-05-17 00:00:00+05:30,2022-05-27 00:00:00+05:30,2494.421218049912,2630.59912109375,2630.59912109375,MOMENTUM_BUY,75,53.630609214777536,3.5708746897944366,6.04114034511373,131.0528827046942,5.253839317769623,8,Holding Period Complete,100131.0528827047,EICHERMOT.NS,Eicher Motors,8
2022-08-12 00:00:00+05:30,2022-08-25 00:00:00+05:30,3023.6755046516123,3362.11279296875,3362.11279296875,MOMENTUM_BUY,75,59.08521562215687,69.83663122584949,5.812510916186355,332.05150001951733,10.981717433259304,8,Holding Period Complete,100463.10438272421,EICHERMOT.NS,Eicher Motors,8
2024-03-28 00:00:00+05:30,2024-04-09 00:00:00+05:30,2193.560131248665,2284.18115234375,2289.143798828125,MOMENTUM_BUY,75,56.69125722894494,20.200258527537244,6.430594952726447,86.14327981149245,3.9270990835549213,7,Holding Period Complete,100086.1432798115,GRASIM.NS,Grasim Industries,7
2024-04-23 00:00:00+05:30,2024-05-03 00:00:00+05:30,2261.4510752934166,2462.891845703125,2462.891845703125,MOMENTUM_BUY,75,60.030994323854436,23.804835461163748,5.926109628543048,196.71642748871187,8.698681551763771,7,Holding Period Complete,100282.85970730022,GRASIM.NS,Grasim Industries,7
2024-01-12 00:00:00+05:30,2024-01-24 00:00:00+05:30,1409.5695558725974,1494.2855224609375,1494.2855224609375,MOMENTUM_BUY,75,66.12976453958798,29.976626560897103,5.095160674144175,81.81211151000652,5.804049269449533,7,Holding Period Complete,100081.81211151001,HCLTECH.NS,HCL Technologies,7
2023-06-19 00:00:00+05:30,2023-07-13 00:00:00+05:30,598.4052827210152,676.423583984375,676.423583984375,MOMENTUM_BUY,75,68.23754418820128,13.171920463296715,9.486345600248969,76.74347239665444,12.824664924028303,17,Holding Period Complete,100076.74347239666,HDFCLIFE.NS,HDFC Life Insurance,17
2023-12-12 00:00:00+05:30,2023-12-15 00:00:00+05:30,671.2058222067207,668.9695434570312,693.9155883789062,MOMENTUM_BUY,75,70.42985891447918,13.418830227785747,5.057191699044862,-3.5764541153531564,-0.5328401508191426,3,MACD Bearish Crossover,100073.16701828131,HDFCLIFE.NS,HDFC Life Insurance,17
2025-04-30 00:00:00+05:30,2025-05-07 00:00:00+05:30,710.1370923892674,721.9046020507812,736.86328125,MOMENTUM_BUY,75,84.91245948368876,16.949986255404838,5.534272730565168,10.335467967073779,1.4554186899743449,4,MACD Bearish Crossover,100083.50248624838,HDFCLIFE.NS,HDFC Life Insurance,17
2023-01-11 00:00:00+05:30,2023-01-19 00:00:00+05:30,471.69663128712136,489.2503967285156,493.2220764160156,MOMENTUM_BUY,75,61.46136135245832,7.297419763595656,5.365380577329656,16.592818413378623,3.5176885550574535,6,Holding Period Complete,100016.59281841338,HINDALCO.NS,Hindalco Industries,6
2023-09-01 00:00:00+05:30,2023-09-11 00:00:00+05:30,456.1211317140202,478.5767822265625,480.35345458984375,MOMENTUM_BUY,75,57.80541162521881,4.762368113677496,7.6791803591676,21.52095259860174,4.718253793182068,6,Holding Period Complete,100038.11377101198,HINDALCO.NS,Hindalco Industries,6
2024-05-21 00:00:00+05:30,2024-05-29 00:00:00+05:30,654.6192200668721,696.1744384765625,696.1744384765625,MOMENTUM_BUY,75,65.17951629248671,18.633210089984914,8.578580082403063,40.204424751146945,6.141650522732879,6,Holding Period Complete,100078.31819576313,HINDALCO.NS,Hindalco Industries,6
2024-06-04 00:00:00+05:30,2024-06-05 00:00:00+05:30,2278.066682949259,2531.59033203125,2531.59033203125,MOMENTUM_BUY,75,67.26287490201199,28.969206813434084,8.03220817344427,248.71399206701065,10.917766100903485,1,Holding Period Complete,100248.71399206702,HINDUNILVR.NS,Hindustan Unilever,1
2024-06-19 00:00:00+05:30,2024-07-18 00:00:00+05:30,1107.9886043418487,1230.1365966796875,1230.1365966796875,MOMENTUM_BUY,75,58.20921020113874,1.968702490309397,6.81319989448533,119.80986713681725,10.81327611740059,20,Holding Period Complete,100119.80986713682,ICICIBANK.NS,ICICI Bank,20
2025-06-27 00:00:00+05:30,2025-07-01 00:00:00+05:30,831.5,879.0999755859375,879.0999755859375,MOMENTUM_BUY,75,57.08515298644983,9.946174457821598,5.000922793906123,45.889375610351564,5.5188665797175664,2,Holding Period Complete,100045.88937561035,INDUSINDBK.NS,IndusInd Bank,2
2024-01-15 00:00:00+05:30,2024-02-06 00:00:00+05:30,1572.7888131840964,1662.6280517578125,1662.6280517578125,MOMENTUM_BUY,75,64.65645350353896,22.911900318510334,6.494346774078696,86.60382170877419,5.506385916710938,14,Holding Period Complete,100086.60382170878,INFY.NS,Infosys,14
2023-12-28 00:00:00+05:30,2024-01-02 00:00:00+05:30,118.85249589129192,122.65765380859376,122.65765380859376,MOMENTUM_BUY,75,68.19573467800996,6.172979736952925,11.36648462435874,3.5636477676019553,2.998378570746579,3,MACD Bearish Crossover,100003.5636477676,IOC.NS,Indian Oil Corporation,3
2024-01-16 00:00:00+05:30,2024-01-19 00:00:00+05:30,129.1874987381747,139.6634063720703,139.6634063720703,MOMENTUM_BUY,75,77.33123336772935,5.52777270857284,9.996178387687628,10.207056728785371,7.900963195728475,3,Holding Period Complete,100013.77070449639,IOC.NS,Indian Oil Corporation,3
2022-05-19 00:00:00+05:30,2022-06-07 00:00:00+05:30,232.891939837814,248.61143493652344,249.4283447265625,MOMENTUM_BUY,75,61.93599999548347,2.578087860715158,5.189852324606183,15.237991723935107,6.542945081975292,13,Holding Period Complete,100015.23799172393,ITC.NS,ITC Limited,13
2022-09-05 00:00:00+05:30,2022-09-22 00:00:00+05:30,293.85893295013983,313.19232177734375,313.19232177734375,MOMENTUM_BUY,75,75.06184769362063,5.476963523018355,5.400641443564842,18.726337572476435,6.372560256881421,13,Holding Period Complete,100033.9643292964,ITC.NS,ITC Limited,13
2022-09-09 00:00:00+05:30,2022-09-13 00:00:00+05:30,675.1057845928119,680.968994140625,680.968994140625,MOMENTUM_BUY,75,59.35674693358833,14.45095588719721,5.8963987993419815,4.507134769079649,0.6676190416288781,2,Holding Period Complete,100004.50713476908,JSWSTEEL.NS,JSW Steel,2
2024-11-06 00:00:00+05:30,2024-11-08 00:00:00+05:30,982.055470810185,993.7240600585938,993.7240600585938,MOMENTUM_BUY,75,58.06808746194298,-0.1497947554601069,5.67866346852263,9.692809717539914,0.9869920799426382,2,Holding Period Complete,100014.19994448662,JSWSTEEL.NS,JSW Steel,2
2025-08-18 00:00:00+05:30,2025-08-20 00:00:00+05:30,1050.0,1082.5999755859375,1082.5999755859375,MOMENTUM_BUY,75,66.43039169419538,8.547830500711598,5.059349827749984,30.467375610351564,2.901654820033482,2,Holding Period Complete,100044.66732009698,JSWSTEEL.NS,JSW Steel,2
2023-05-31 00:00:00+05:30,2023-06-01 00:00:00+05:30,1947.9092210179444,1924.1324462890625,1947.9092210179444,MOMENTUM_BUY,75,61.430882929565165,25.81518726788545,5.51029851899764,-27.648816396188952,-1.4194099035960284,1,MACD Bearish Crossover,99972.35118360381,KOTAKBANK.NS,Kotak Mahindra Bank,23
2025-01-20 00:00:00+05:30,2025-02-19 00:00:00+05:30,1863.8510929059005,1982.7139892578125,1982.7139892578125,MOMENTUM_BUY,75,67.37870206353084,11.99706882152077,7.914474446824442,115.0163312697483,6.170897004997764,23,Holding Period Complete,100087.36751487356,KOTAKBANK.NS,Kotak Mahindra Bank,23
2022-08-10 00:00:00+05:30,2022-08-17 00:00:00+05:30,1775.208567932294,1807.794921875,1818.9495849609375,MOMENTUM_BUY,75,75.520881163809,55.2276724660303,5.932902171825598,29.003350452898662,1.6337995983582276,4,MACD Bearish Crossover,100029.0033504529,LT.NS,Larsen & Toubro,6
2023-07-21 00:00:00+05:30,2023-07-31 00:00:00+05:30,2456.0177851613794,2612.131103515625,2612.131103515625,MOMENTUM_BUY,75,72.29344693223791,42.598319301046104,5.589218409812034,151.04516946556862,6.150003081335333,6,Holding Period Complete,100180.04851991846,LT.NS,Larsen & Toubro,6
2023-09-07 00:00:00+05:30,2023-09-15 00:00:00+05:30,2683.6783984086255,2859.19873046875,2894.145751953125,MOMENTUM_BUY,75,75.45758954802015,47.69580424988908,5.886951180066736,169.9774549312471,6.333749045043578,6,Holding Period Complete,100350.0259748497,LT.NS,Larsen & Toubro,6
2023-07-05 00:00:00+05:30,2023-07-13 00:00:00+05:30,9393.448561221214,9366.796875,9612.0458984375,MOMENTUM_BUY,75,67.4921939572045,112.73594101610979,5.269654683438714,-45.411931657435034,-0.4834425968425292,6,MACD Bearish Crossover,99954.58806834256,MARUTI.NS,Maruti Suzuki,16
2024-07-09 00:00:00+05:30,2024-08-01 00:00:00+05:30,12019.206971594223,13092.3466796875,13092.3466796875,MOMENTUM_BUY,75,67.95762403708355,-78.91556557975673,5.868815931454848,1048.028154441995,8.719611509468706,16,Holding Period Complete,101002.61622278456,MARUTI.NS,Maruti Suzuki,16
2024-02-15 00:00:00+05:30,2024-02-22 00:00:00+05:30,1642.7766054037938,1881.3489990234375,1881.3489990234375,MOMENTUM_BUY,75,68.01559752295725,14.313739156880047,6.898214915364832,235.04826801521642,14.307987296753696,5,Holding Period Complete,100235.04826801522,MandM.NS,MandM.NS,5
2025-01-02 00:00:00+05:30,2025-01-09 00:00:00+05:30,3060.4621408352887,3101.581787109375,3165.121337890625,MOMENTUM_BUY,75,61.25455153895798,25.666097534895016,5.576204538780921,34.95760234614167,1.142232798102862,5,Holding Period Complete,100270.00587036136,MandM.NS,MandM.NS,5
2022-08-26 00:00:00+05:30,2022-09-01 00:00:00+05:30,145.09870361144527,146.74237060546875,149.7557373046875,MOMENTUM_BUY,75,68.84291568413494,3.237965086111558,6.34559534912857,1.3518259198065625,0.9316595435797757,3,MACD Bearish Crossover,100001.3518259198,NTPC.NS,NTPC,4
2023-09-04 00:00:00+05:30,2023-09-08 00:00:00+05:30,219.00175078100992,228.265380859375,228.265380859375,MOMENTUM_BUY,75,81.1475658007612,6.154752423713546,7.769647014990774,8.816362946724697,4.0257043221268995,4,Holding Period Complete,100010.16818886653,NTPC.NS,NTPC,4
2024-02-02 00:00:00+05:30,2024-02-08 00:00:00+05:30,309.94696384450435,320.5287780761719,323.72540283203125,MOMENTUM_BUY,75,61.395375849554384,6.32664887521554,7.50081948657302,9.951338489746846,3.210658483733133,4,Holding Period Complete,100020.11952735628,NTPC.NS,NTPC,4
2024-06-03 00:00:00+05:30,2024-06-04 00:00:00+05:30,361.74520607295307,347.27539783003493,361.74520607295307,MOMENTUM_BUY,75,76.9432947732866,4.9414121018231185,7.210282921020895,-15.178828846821123,-4.196000000000003,1,Stop Loss,100004.94069850945,NTPC.NS,NTPC,4
2025-01-03 00:00:00+05:30,2025-01-08 00:00:00+05:30,241.87795930510575,264.6427001953125,264.6427001953125,MOMENTUM_BUY,75,54.16236922340883,-3.26339027497022,6.037276841123606,22.258220230706335,9.202252365057262,3,Holding Period Complete,100022.25822023071,ONGC.NS,Oil and Natural Gas Corporation,3
2022-09-15 00:00:00+05:30,2022-09-22 00:00:00+05:30,151.40891415102806,145.35255758498693,153.55929565429688,MOMENTUM_BUY,75,66.23560395432023,1.724624981880055,5.086247447394951,-6.353118037777146,-4.196000000000006,5,Stop Loss,99993.64688196222,POWERGRID.NS,Power Grid Corporation,8
2023-12-05 00:00:00+05:30,2023-12-15 00:00:00+05:30,200.21800619648457,224.6360015869141,224.6360015869141,MOMENTUM_BUY,75,76.63375626321134,3.7767654538992588,6.211179693620271,23.993141382646126,11.9835082960023,8,Holding Period Complete,100017.64002334487,POWERGRID.NS,Power Grid Corporation,8
2022-04-21 00:00:00+05:30,2022-04-28 00:00:00+05:30,1243.092861615674,1283.065673828125,1283.065673828125,MOMENTUM_BUY,75,60.68309682745495,25.471291590434703,5.942396438593401,37.44665367700709,3.0123778225495466,5,Holding Period Complete,100037.446653677,RELIANCE.NS,Reliance Industries,5
2024-01-29 00:00:00+05:30,2024-02-05 00:00:00+05:30,1350.1817560391485,1428.452392578125,1446.9901123046875,MOMENTUM_BUY,75,72.87073112504662,32.74870544572855,6.4820911207019645,75.49200239035926,5.591247404484288,5,Holding Period Complete,100112.93865606736,RELIANCE.NS,Reliance Industries,5
2022-10-18 00:00:00+05:30,2022-11-09 00:00:00+05:30,517.0989326199887,582.1678466796875,582.1678466796875,MOMENTUM_BUY,75,60.57026938076808,-0.12167072155227743,8.21547965350894,63.969647280399165,12.370872041116721,14,Holding Period Complete,100063.9696472804,SBIN.NS,State Bank of India,14
2024-04-25 00:00:00+05:30,2024-05-13 00:00:00+05:30,742.0559716951439,779.8023071289062,801.6401977539062,MOMENTUM_BUY,75,64.68100355863629,9.077980823450389,6.346509906224887,36.22447715493835,4.881636768205986,11,MACD Bearish Crossover,100100.19412443535,SBIN.NS,State Bank of India,14
2024-06-03 00:00:00+05:30,2024-06-04 00:00:00+05:30,839.8854753820721,806.2900563667891,839.8854753820721,MOMENTUM_BUY,75,85.38207547547019,20.03916889434572,12.592475454630106,-35.241594547031774,-4.196000000000004,1,Stop Loss,100064.95252988832,SBIN.NS,State Bank of India,14
2024-01-23 00:00:00+05:30,2024-02-27 00:00:00+05:30,1292.3359646246747,1550.8031575496095,1563.1495361328125,MOMENTUM_BUY,75,72.09367205814664,27.961149237723248,5.5925878733475685,255.62405380276053,19.77999999999999,24,Take Profit,100255.62405380276,SUNPHARMA.NS,Sun Pharmaceutical,24
2024-09-27 00:00:00+05:30,2024-10-07 00:00:00+05:30,1897.53018078459,1887.6226806640625,1908.8741455078125,MOMENTUM_BUY,75,79.30233828982315,36.412626679257755,5.122050431294042,-13.692652981976055,-0.7216039629111155,5,MACD Bearish Crossover,100241.93140082079,SUNPHARMA.NS,Sun Pharmaceutical,24
2022-08-01 00:00:00+05:30,2022-08-08 00:00:00+05:30,444.44398812497553,461.39208984375,469.2749328613281,MOMENTUM_BUY,75,76.92309274420782,9.88402984553528,6.276330048447323,16.04226564080574,3.6095134751366538,5,Holding Period Complete,100016.0422656408,TATAMOTORS.NS,Tata Motors,5
2023-05-08 00:00:00+05:30,2023-05-15 00:00:00+05:30,471.0978415709019,523.0752563476562,523.0752563476562,MOMENTUM_BUY,75,69.51130455912536,13.536305847225435,6.218159979655777,50.9832416788358,10.822219331090407,5,Holding Period Complete,100067.02550731965,TATAMOTORS.NS,Tata Motors,5
2024-01-30 00:00:00+05:30,2024-02-06 00:00:00+05:30,833.0941926798178,928.6749267578124,928.6749267578124,MOMENTUM_BUY,75,73.1650764665976,24.530659220053735,5.193216034870673,93.818964958557,11.261507496141478,5,Holding Period Complete,100160.8444722782,TATAMOTORS.NS,Tata Motors,5
2024-07-25 00:00:00+05:30,2024-08-01 00:00:00+05:30,1015.61790250196,1134.64453125,1151.94580078125,MOMENTUM_BUY,75,72.37638543423495,16.548042964989918,8.498257404119256,116.87636631428806,11.507907257873736,5,Holding Period Complete,100277.72083859249,TATAMOTORS.NS,Tata Motors,5
2024-08-29 00:00:00+05:30,2024-09-03 00:00:00+05:30,1056.912866078972,1075.8499755859375,1101.876220703125,MOMENTUM_BUY,75,68.09330558678158,13.55531394049558,5.581970344149168,16.80434666530059,1.5899462675331815,3,MACD Bearish Crossover,100294.5251852578,TATAMOTORS.NS,Tata Motors,5
2023-01-02 00:00:00+05:30,2023-01-06 00:00:00+05:30,105.5184540658627,107.2809600830078,109.87834167480467,MOMENTUM_BUY,75,61.961361420520056,1.264513776418795,6.6636794372807255,1.5497066029962292,1.4686593134021189,4,Holding Period Complete,100001.549706603,TATASTEEL.NS,Tata Steel,4
2023-07-10 00:00:00+05:30,2023-07-14 00:00:00+05:30,106.95078164497627,112.21929168701172,112.21929168701172,MOMENTUM_BUY,75,69.09669040488305,1.8604135493815903,5.20073448876466,5.049339968703457,4.721180987217812,4,Holding Period Complete,100006.59904657169,TATASTEEL.NS,Tata Steel,4
2023-08-30 00:00:00+05:30,2023-09-05 00:00:00+05:30,115.18881103664104,126.15689849853516,126.20479583740234,MOMENTUM_BUY,75,56.08974080788775,0.6783118519836364,5.304008616485334,10.726741752358938,9.312312242676773,4,Holding Period Complete,100017.32578832404,TATASTEEL.NS,Tata Steel,4
2024-02-02 00:00:00+05:30,2024-02-08 00:00:00+05:30,129.12641168526804,137.6039276123047,138.5618438720703,MOMENTUM_BUY,75,56.10930021962893,0.754511956869834,5.355095742067203,8.210785587739077,6.358718933313192,4,Holding Period Complete,100025.53657391178,TATASTEEL.NS,Tata Steel,4
2024-03-01 00:00:00+05:30,2024-03-07 00:00:00+05:30,136.981298901011,150.63153076171875,150.63153076171875,MOMENTUM_BUY,75,72.05622986451485,2.056730595640488,5.375964569269322,13.36261903104502,9.755068128461437,4,Holding Period Complete,100038.89919294283,TATASTEEL.NS,Tata Steel,4
2025-06-26 00:00:00+05:30,2025-07-02 00:00:00+05:30,156.4499969482422,165.8800048828125,165.8800048828125,MOMENTUM_BUY,75,57.06997393910069,1.211314796234916,5.003593385456136,9.107677932739257,5.821462518629718,4,Holding Period Complete,100048.00687087557,TATASTEEL.NS,Tata Steel,4
2024-07-23 00:00:00+05:30,2024-07-26 00:00:00+05:30,3222.45200820655,3483.666015625,3483.666015625,MOMENTUM_BUY,75,55.43514255202508,-20.890632465491308,9.842535568685436,254.50788939461836,7.897957479163957,3,Holding Period Complete,100254.50788939462,TITAN.NS,Titan Company,3
2022-09-08 00:00:00+05:30,2022-09-12 00:00:00+05:30,6667.104161516932,6755.212890625,6755.212890625,MOMENTUM_BUY,75,59.4472194819814,98.40183590320794,6.319563627652225,74.68641205592563,1.120222667091684,2,Holding Period Complete,100074.68641205592,ULTRACEMCO.NS,UltraTech Cement,2
2024-06-27 00:00:00+05:30,2024-07-01 00:00:00+05:30,11132.003220146593,11759.9267578125,11759.9267578125,MOMENTUM_BUY,75,79.43705954606254,315.7981809372868,6.083402805238847,605.031607687948,5.435064971890842,2,Holding Period Complete,100679.71801974387,ULTRACEMCO.NS,UltraTech Cement,2
2025-08-18 00:00:00+05:30,2025-08-20 00:00:00+05:30,12556.0,12874.0,12874.0,MOMENTUM_BUY,75,67.34963648380702,95.18155625527652,5.382646743168497,292.57,2.3301210576616755,2,Holding Period Complete,100972.28801974388,ULTRACEMCO.NS,UltraTech Cement,2
