Date,Action,Ticker,Reason,Price,Shares,Value,RS,Rank,Return %
2022-02-01 00:00:00+05:30,BUY,ONGC.NS,Rebalance,138.18441772460938,144,19898.55615234375,19.50366423154332,1.0,
2022-02-01 00:00:00+05:30,BUY,MARUTI.NS,Rebalance,8255.95703125,2,16511.9140625,13.762816752325305,2.0,
2022-02-01 00:00:00+05:30,BUY,SBIN.NS,Rebalance,495.69671630859375,40,19827.86865234375,13.062873242401295,3.0,
2022-02-01 00:00:00+05:30,BUY,AXISBANK.NS,Rebalance,778.6488647460938,25,19466.221618652344,12.285497087151507,4.0,
2022-02-01 00:00:00+05:30,BUY,NTPC.NS,Rebalance,122.88074493408205,162,19906.680679321293,12.02380636079899,5.0,
2022-02-15 00:00:00+05:30,SELL,ONGC.NS,Rebalance,132.68775939941406,144,19107.037353515625,,,-3.9777700088802472
2022-02-15 00:00:00+05:30,SELL,SBIN.NS,Rebalance,488.7124328613281,40,19548.497314453125,,,-1.4089831982904624
2022-02-15 00:00:00+05:30,SELL,NTPC.NS,Rebalance,121.26805877685548,162,19645.42552185059,,,-1.312399398369264
2022-02-15 00:00:00+05:30,BUY,HINDALCO.NS,Rebalance,518.7661743164062,47,24382.010192871094,5.514373048443146,2.0,
2022-02-15 00:00:00+05:30,BUY,INDUSINDBK.NS,Rebalance,941.060791015625,26,24467.58056640625,5.3449242534907295,3.0,
2022-02-24 00:00:00+05:30,SELL,INDUSINDBK.NS,Stop Loss,849.7885131835938,26,22094.501342773438,,,-9.69887160355784
2022-03-02 00:00:00+05:30,SELL,MARUTI.NS,Stop Loss,7537.17529296875,2,15074.3505859375,,,-8.70621946747732
2022-03-02 00:00:00+05:30,SELL,AXISBANK.NS,Rebalance,747.1304931640625,25,18678.262329101562,,,-4.047828618142138
2022-03-02 00:00:00+05:30,BUY,COALINDIA.NS,Rebalance,142.05642700195312,170,24149.59259033203,16.831121434123126,2.0,
2022-03-02 00:00:00+05:30,BUY,TATASTEEL.NS,Rebalance,113.4811782836914,213,24171.49097442627,10.45102217395863,3.0,
2022-03-07 00:00:00+05:30,SELL,HINDALCO.NS,Take Profit,602.2391357421875,47,28305.239379882812,,,16.090671589329446
2022-03-16 00:00:00+05:30,SELL,TATASTEEL.NS,Rebalance,111.36003112792967,213,23719.68663024902,,,-1.8691620829483113
2022-03-16 00:00:00+05:30,BUY,CIPLA.NS,Rebalance,1024.604736328125,23,23565.908935546875,14.530580571671686,1.0,
2022-03-16 00:00:00+05:30,BUY,ITC.NS,Rebalance,215.1545562744141,111,23882.155746459965,8.789246718990624,3.0,
2022-03-16 00:00:00+05:30,BUY,INFY.NS,Rebalance,1731.9354248046875,13,22515.160522460938,8.695525599538925,4.0,
2022-03-31 00:00:00+05:30,SELL,COALINDIA.NS,Rebalance,140.711181640625,170,23920.90087890625,,,-0.9469795839012826
2022-03-31 00:00:00+05:30,SELL,CIPLA.NS,Rebalance,987.969970703125,23,22723.309326171875,,,-3.575502271860266
2022-03-31 00:00:00+05:30,BUY,ADANIENT.NS,Rebalance,2011.048583984375,12,24132.5830078125,22.71592611827143,1.0,
2022-03-31 00:00:00+05:30,BUY,JSWSTEEL.NS,Rebalance,700.3226928710938,34,23810.971557617188,13.659659754651923,3.0,
2022-04-12 00:00:00+05:30,SELL,INFY.NS,Stop Loss,1597.232177734375,13,20764.018310546875,,,-7.777613711290833
2022-04-18 00:00:00+05:30,SELL,ITC.NS,Rebalance,239.54348754882812,111,26589.327117919922,,,11.33554022593308
2022-04-18 00:00:00+05:30,BUY,NTPC.NS,Rebalance,146.22047424316406,172,25149.92156982422,22.93782859427175,2.0,
2022-04-26 00:00:00+05:30,SELL,ADANIENT.NS,Take Profit,2390.8994140625,12,28690.79296875,,,18.888197585239258
2022-05-02 00:00:00+05:30,SELL,JSWSTEEL.NS,Rebalance,699.6535034179688,34,23788.219116210938,,,-0.09555444367817674
2022-05-02 00:00:00+05:30,BUY,ADANIENT.NS,Rebalance,2335.201904296875,10,23352.01904296875,16.118622040959032,2.0,
2022-05-02 00:00:00+05:30,BUY,MandM.NS,Rebalance,888.8579711914062,28,24888.023193359375,14.233458265707716,3.0,
2022-05-02 00:00:00+05:30,BUY,ADANIPORTS.NS,Rebalance,837.2930908203125,29,24281.499633789062,10.636792985421781,4.0,
2022-05-09 00:00:00+05:30,SELL,ADANIPORTS.NS,Stop Loss,774.7807006835938,29,22468.64031982422,,,-7.466010507201741
2022-05-10 00:00:00+05:30,SELL,ADANIENT.NS,Stop Loss,2105.624267578125,10,21056.24267578125,,,-9.831168615284057
2022-05-12 00:00:00+05:30,SELL,NTPC.NS,Stop Loss,133.09471130371094,172,22892.29034423828,,,-8.976692906647967
2022-05-17 00:00:00+05:30,BUY,EICHERMOT.NS,Rebalance,2596.638671875,9,23369.748046875,7.793700921470298,1.0,
2022-05-17 00:00:00+05:30,BUY,KOTAKBANK.NS,Rebalance,1833.5537109375,12,22002.64453125,5.1359686634663495,2.0,
2022-05-17 00:00:00+05:30,BUY,POWERGRID.NS,Rebalance,154.0017852783203,153,23562.273147583008,3.266980560537633,4.0,
2022-05-31 00:00:00+05:30,SELL,KOTAKBANK.NS,Rebalance,1840.079833984375,12,22080.9580078125,,,0.3559275633948121
2022-05-31 00:00:00+05:30,SELL,POWERGRID.NS,Rebalance,150.29127502441406,153,22994.56507873535,,,-2.4093943113714014
2022-05-31 00:00:00+05:30,BUY,BRITANNIA.NS,Rebalance,3435.182861328125,7,24046.280029296875,11.509177340886836,2.0,
2022-06-07 00:00:00+05:30,SELL,BRITANNIA.NS,Stop Loss,3186.240966796875,7,22303.686767578125,,,-7.246830942647491
2022-06-14 00:00:00+05:30,SELL,EICHERMOT.NS,Rebalance,2612.035888671875,9,23508.322998046875,,,0.5929672450636678
2022-06-14 00:00:00+05:30,BUY,DRREDDY.NS,Rebalance,839.3693237304688,28,23502.341064453125,10.426482325791287,2.0,
2022-06-14 00:00:00+05:30,BUY,SBILIFE.NS,Rebalance,1125.28076171875,21,23630.89599609375,5.764202380523498,3.0,
2022-06-24 00:00:00+05:30,SELL,MandM.NS,Take Profit,1034.2435302734375,28,28958.81884765625,,,16.356444313275333
2022-06-28 00:00:00+05:30,SELL,DRREDDY.NS,Rebalance,851.74267578125,28,23848.794921875,,,1.474124881737336
2022-06-28 00:00:00+05:30,SELL,SBILIFE.NS,Rebalance,1071.5562744140625,21,22502.681762695312,,,-4.774318475206925
2022-06-28 00:00:00+05:30,BUY,MandM.NS,Rebalance,1072.78466796875,17,18237.33935546875,7.507129421758388,1.0,
2022-06-28 00:00:00+05:30,BUY,MARUTI.NS,Rebalance,8188.7275390625,2,16377.455078125,6.569506893158161,2.0,
2022-06-28 00:00:00+05:30,BUY,JSWSTEEL.NS,Rebalance,552.8787841796875,34,18797.878662109375,4.925179832615307,3.0,
2022-06-28 00:00:00+05:30,BUY,EICHERMOT.NS,Rebalance,2747.3505859375,6,16484.103515625,2.986599563202721,4.0,
2022-06-28 00:00:00+05:30,BUY,ADANIENT.NS,Rebalance,2200.5498046875,8,17604.3984375,1.7093146187649184,5.0,
2022-07-12 00:00:00+05:30,SELL,MARUTI.NS,Rebalance,8121.20849609375,2,16242.4169921875,,,-0.8245364453349492
2022-07-12 00:00:00+05:30,SELL,JSWSTEEL.NS,Rebalance,566.0700073242188,34,19246.380249023438,,,2.3859159587943344
2022-07-12 00:00:00+05:30,SELL,EICHERMOT.NS,Rebalance,2833.9306640625,6,17003.583984375,,,3.1514026119624483
2022-07-12 00:00:00+05:30,SELL,ADANIENT.NS,Rebalance,2361.303955078125,8,18890.431640625,,,7.305181189182569
2022-07-12 00:00:00+05:30,BUY,HINDUNILVR.NS,Rebalance,2330.4345703125,10,23304.345703125,13.826688526220524,1.0,
2022-07-12 00:00:00+05:30,BUY,BRITANNIA.NS,Rebalance,3568.868896484375,6,21413.21337890625,12.028620237576206,3.0,
2022-07-12 00:00:00+05:30,BUY,ICICIBANK.NS,Rebalance,737.1178588867188,33,24324.88934326172,10.853388149908463,4.0,
2022-07-26 00:00:00+05:30,SELL,MandM.NS,Rebalance,1107.1519775390625,17,18821.583618164062,,,3.203560844636681
2022-07-26 00:00:00+05:30,SELL,HINDUNILVR.NS,Rebalance,2423.240966796875,10,24232.40966796875,,,3.9823643910298716
2022-07-26 00:00:00+05:30,SELL,BRITANNIA.NS,Rebalance,3647.0859375,6,21882.515625,,,2.1916479221939236
2022-07-26 00:00:00+05:30,SELL,ICICIBANK.NS,Rebalance,772.426513671875,33,25490.074951171875,,,4.790096232166114
2022-07-26 00:00:00+05:30,BUY,INDUSINDBK.NS,Rebalance,933.199951171875,21,19597.198974609375,17.75653989788843,1.0,
2022-07-26 00:00:00+05:30,BUY,BAJAJFINSV.NS,Rebalance,1329.1123046875,15,19936.6845703125,17.188224314616413,2.0,
2022-07-26 00:00:00+05:30,BUY,TITAN.NS,Rebalance,2271.503173828125,8,18172.025390625,16.933639263588095,3.0,
2022-07-26 00:00:00+05:30,BUY,ADANIENT.NS,Rebalance,2556.08349609375,7,17892.58447265625,16.156584624847394,4.0,
2022-07-26 00:00:00+05:30,BUY,ULTRACEMCO.NS,Rebalance,6257.16796875,3,18771.50390625,14.838272936213295,5.0,
2022-08-08 00:00:00+05:30,SELL,BAJAJFINSV.NS,Take Profit,1550.5126953125,15,23257.6904296875,,,16.65776397104799
2022-08-10 00:00:00+05:30,SELL,TITAN.NS,Rebalance,2410.574951171875,8,19284.599609375,,,6.1224557793320065
2022-08-10 00:00:00+05:30,SELL,ADANIENT.NS,Rebalance,2823.20556640625,7,19762.43896484375,,,10.450443841944931
2022-08-10 00:00:00+05:30,SELL,ULTRACEMCO.NS,Rebalance,6485.82373046875,3,19457.47119140625,,,3.654301160856143
2022-08-10 00:00:00+05:30,BUY,BAJAJFINSV.NS,Rebalance,1561.7493896484375,17,26549.739624023438,31.846017227984042,1.0,
2022-08-10 00:00:00+05:30,BUY,HINDALCO.NS,Rebalance,427.66510009765625,64,27370.56640625,26.866551270862683,2.0,
2022-08-10 00:00:00+05:30,BUY,BAJFINANCE.NS,Rebalance,704.9725341796875,38,26788.956298828125,21.721961922466505,4.0,
2022-08-18 00:00:00+05:30,SELL,INDUSINDBK.NS,Take Profit,1081.1058349609375,21,22703.222534179688,,,15.849323995712627
2022-08-25 00:00:00+05:30,SELL,BAJFINANCE.NS,Rebalance,694.89013671875,38,26405.8251953125,,,-1.4301830173666936
2022-08-25 00:00:00+05:30,BUY,ADANIENT.NS,Rebalance,3062.017822265625,9,27558.160400390625,19.793341138701155,2.0,
2022-08-25 00:00:00+05:30,BUY,EICHERMOT.NS,Rebalance,3362.11279296875,8,26896.90234375,15.920344070410057,3.0,
2022-09-09 00:00:00+05:30,SELL,HINDALCO.NS,Rebalance,417.7604064941406,64,26736.666015625,,,-2.315992958334433
2022-09-13 00:00:00+05:30,SELL,ADANIENT.NS,Take Profit,3550.7763671875,9,31956.9873046875,,,15.961975837235215
2022-09-14 00:00:00+05:30,SELL,BAJAJFINSV.NS,Take Profit,1802.38330078125,17,30640.51611328125,,,15.407972157874905
2022-09-23 00:00:00+05:30,SELL,EICHERMOT.NS,Rebalance,3562.017333984375,8,28496.138671875,,,5.9458011472336425
2022-09-23 00:00:00+05:30,BUY,ADANIENT.NS,Rebalance,3669.108642578125,6,22014.65185546875,19.826495322725,1.0,
2022-09-23 00:00:00+05:30,BUY,ADANIPORTS.NS,Rebalance,899.4439697265625,26,23385.543212890625,11.98528737337196,2.0,
2022-09-23 00:00:00+05:30,BUY,ITC.NS,Rebalance,314.417724609375,75,23581.329345703125,10.90122232202973,3.0,
2022-09-23 00:00:00+05:30,BUY,INDUSINDBK.NS,Rebalance,1157.6568603515625,20,23153.13720703125,8.569199445220695,4.0,
2022-09-23 00:00:00+05:30,BUY,TITAN.NS,Rebalance,2647.164794921875,9,23824.483154296875,8.352077721633718,5.0,
2022-09-27 00:00:00+05:30,SELL,ADANIPORTS.NS,Stop Loss,830.9375,26,21604.375,,,-7.616535552224445
2022-10-03 00:00:00+05:30,SELL,ADANIENT.NS,Stop Loss,3152.83935546875,6,18917.0361328125,,,-14.07070047254351
2022-10-10 00:00:00+05:30,SELL,ITC.NS,Rebalance,297.5804138183594,75,22318.531036376953,,,-5.355076852595983
2022-10-10 00:00:00+05:30,SELL,TITAN.NS,Rebalance,2654.74267578125,9,23892.68408203125,,,0.2862640389412796
2022-10-10 00:00:00+05:30,BUY,SUNPHARMA.NS,Rebalance,918.8649291992188,30,27565.947875976562,6.29774629205107,2.0,
2022-10-10 00:00:00+05:30,BUY,CIPLA.NS,Rebalance,1091.0665283203125,26,28367.729736328125,5.721437435040522,3.0,
2022-10-10 00:00:00+05:30,BUY,BRITANNIA.NS,Rebalance,3638.177001953125,7,25467.239013671875,4.064943849381957,4.0,
2022-10-24 00:00:00+05:30,SELL,INDUSINDBK.NS,Rebalance,1120.9710693359375,20,22419.42138671875,,,-3.168969344204818
2022-10-24 00:00:00+05:30,SELL,SUNPHARMA.NS,Rebalance,958.6382446289062,30,28759.147338867188,,,4.328526877649964
2022-10-24 00:00:00+05:30,SELL,CIPLA.NS,Rebalance,1118.4200439453125,26,29078.921142578125,,,2.507043788348131
2022-10-24 00:00:00+05:30,SELL,BRITANNIA.NS,Rebalance,3633.24365234375,7,25432.70556640625,,,-0.1355994941072568
2022-10-24 00:00:00+05:30,BUY,AXISBANK.NS,Rebalance,907.0470581054688,25,22676.17645263672,18.32552647524139,1.0,
2022-10-24 00:00:00+05:30,BUY,HCLTECH.NS,Rebalance,928.5536499023438,24,22285.28759765625,16.305673973519923,2.0,
2022-10-24 00:00:00+05:30,BUY,NESTLEIND.NS,Rebalance,991.6687622070312,23,22808.38153076172,12.863107808348278,3.0,
2022-10-24 00:00:00+05:30,BUY,INFY.NS,Rebalance,1406.085693359375,16,22497.37109375,11.161150196841922,4.0,
2022-10-24 00:00:00+05:30,BUY,POWERGRID.NS,Rebalance,142.61175537109375,160,22817.880859375,8.04741450816436,5.0,
2022-11-09 00:00:00+05:30,SELL,HCLTECH.NS,Rebalance,948.2208862304688,24,22757.30126953125,,,2.118050618851523
2022-11-09 00:00:00+05:30,SELL,NESTLEIND.NS,Rebalance,976.8554077148438,23,22467.674377441406,,,-1.4937804896888451
2022-11-09 00:00:00+05:30,SELL,INFY.NS,Rebalance,1415.224365234375,16,22643.58984375,,,0.6499370499365638
2022-11-09 00:00:00+05:30,SELL,POWERGRID.NS,Rebalance,142.5465850830078,160,22807.45361328125,,,-0.045697697161328814
2022-11-09 00:00:00+05:30,BUY,ADANIENT.NS,Rebalance,3991.552734375,7,27940.869140625,23.13284963067074,1.0,
2022-11-09 00:00:00+05:30,BUY,SBIN.NS,Rebalance,582.1678466796875,48,27944.056640625,15.977396766368706,2.0,
2022-11-09 00:00:00+05:30,BUY,ULTRACEMCO.NS,Rebalance,6788.54833984375,4,27154.193359375,12.253868950153054,4.0,
2022-11-10 00:00:00+05:30,SELL,AXISBANK.NS,Stop Loss,841.4708251953125,25,21036.770629882812,,,-7.229639556642632
2022-11-23 00:00:00+05:30,SELL,SBIN.NS,Rebalance,574.6962890625,48,27585.421875,,,-1.2834026578074482
2022-11-23 00:00:00+05:30,SELL,ULTRACEMCO.NS,Rebalance,6710.4208984375,4,26841.68359375,,,-1.1508711066797566
2022-11-23 00:00:00+05:30,BUY,JSWSTEEL.NS,Rebalance,710.03857421875,39,27691.50439453125,15.834734891229116,2.0,
2022-11-23 00:00:00+05:30,BUY,BRITANNIA.NS,Rebalance,3980.454833984375,6,23882.72900390625,9.556506936071969,3.0,
2022-11-23 00:00:00+05:30,BUY,HINDALCO.NS,Rebalance,424.96826171875,65,27622.93701171875,9.55632135039761,4.0,
2022-12-07 00:00:00+05:30,SELL,ADANIENT.NS,Rebalance,3993.6494140625,7,27955.5458984375,,,0.052527921513939355
2022-12-07 00:00:00+05:30,SELL,JSWSTEEL.NS,Rebalance,727.3819580078125,39,28367.896362304688,,,2.442597405098067
2022-12-07 00:00:00+05:30,SELL,BRITANNIA.NS,Rebalance,4208.83154296875,6,25252.9892578125,,,5.7374525904561855
2022-12-07 00:00:00+05:30,BUY,IOC.NS,Rebalance,66.47711181640625,434,28851.066528320312,10.280371584346742,2.0,
2022-12-07 00:00:00+05:30,BUY,HDFCLIFE.NS,Rebalance,576.32958984375,50,28816.4794921875,9.412318842678825,3.0,
2022-12-21 00:00:00+05:30,SELL,HINDALCO.NS,Rebalance,448.3079223632813,65,29140.014953613285,,,5.492094997903119
2022-12-21 00:00:00+05:30,SELL,HDFCLIFE.NS,Rebalance,569.98974609375,50,28499.4873046875,,,-1.1000378709895513
2022-12-21 00:00:00+05:30,BUY,BPCL.NS,Rebalance,147.6727294921875,193,28500.836791992188,7.7220815975389465,2.0,
2022-12-21 00:00:00+05:30,BUY,DIVISLAB.NS,Rebalance,3453.547607421875,8,27628.380859375,6.630394356034697,3.0,
2022-12-21 00:00:00+05:30,BUY,AXISBANK.NS,Rebalance,929.8367309570312,30,27895.101928710938,6.585115180484173,4.0,
2023-01-04 00:00:00+05:30,SELL,IOC.NS,Rebalance,67.69052124023438,434,29377.68621826172,,,1.8253040643210692
2023-01-04 00:00:00+05:30,SELL,BPCL.NS,Rebalance,148.64511108398438,193,28688.506439208984,,,0.6584706567967366
2023-01-04 00:00:00+05:30,BUY,INDUSINDBK.NS,Rebalance,1196.5438232421875,24,28717.0517578125,5.018673808701644,1.0,
2023-01-04 00:00:00+05:30,BUY,TATASTEEL.NS,Rebalance,107.37371826171876,268,28776.15649414063,4.091722268785384,3.0,
2023-01-18 00:00:00+05:30,SELL,DIVISLAB.NS,Rebalance,3325.711181640625,8,26605.689453125,,,-3.7015973228955086
2023-01-18 00:00:00+05:30,SELL,AXISBANK.NS,Rebalance,921.55859375,30,27646.7578125,,,-0.8902785759507484
2023-01-18 00:00:00+05:30,SELL,INDUSINDBK.NS,Rebalance,1196.4459228515625,24,28714.7021484375,,,-0.008181931052030042
2023-01-18 00:00:00+05:30,BUY,HINDALCO.NS,Rebalance,493.2220764160156,58,28606.880432128906,10.018594767624615,2.0,
2023-01-18 00:00:00+05:30,BUY,IOC.NS,Rebalance,71.20071411132812,405,28836.28921508789,7.526170590680624,3.0,
2023-02-02 00:00:00+05:30,SELL,HINDALCO.NS,Stop Loss,456.3983459472656,58,26471.104064941406,,,-7.465953417237242
2023-02-02 00:00:00+05:30,SELL,TATASTEEL.NS,Rebalance,111.26979064941406,268,29820.30389404297,,,3.6285158517085083
2023-02-02 00:00:00+05:30,SELL,IOC.NS,Rebalance,68.0805435180664,405,27572.620124816895,,,-4.382218117058597
2023-02-02 00:00:00+05:30,BUY,ITC.NS,Rebalance,343.6447448730469,64,21993.263671875,15.779810325758215,1.0,
2023-02-02 00:00:00+05:30,BUY,TATAMOTORS.NS,Rebalance,438.2855224609375,50,21914.276123046875,15.352691496404178,2.0,
2023-02-02 00:00:00+05:30,BUY,HCLTECH.NS,Rebalance,1044.129638671875,21,21926.722412109375,11.904514887593875,3.0,
2023-02-02 00:00:00+05:30,BUY,MandM.NS,Rebalance,1318.0567626953125,16,21088.908203125,9.399770045626125,4.0,
2023-02-02 00:00:00+05:30,BUY,BRITANNIA.NS,Rebalance,4380.78515625,5,21903.92578125,7.982291663281632,5.0,
2023-02-16 00:00:00+05:30,SELL,HCLTECH.NS,Rebalance,1024.647705078125,21,21517.601806640625,,,-1.8658539009131923
2023-02-16 00:00:00+05:30,SELL,MandM.NS,Rebalance,1333.40673828125,16,21334.5078125,,,1.1645913909313073
2023-02-16 00:00:00+05:30,SELL,BRITANNIA.NS,Rebalance,4379.779296875,5,21898.896484375,,,-0.022960709989736785
2023-02-16 00:00:00+05:30,BUY,BAJAJ-AUTO.NS,Rebalance,3667.136474609375,7,25669.955322265625,8.219073761869767,2.0,
2023-02-16 00:00:00+05:30,BUY,TECHM.NS,Rebalance,1041.267333984375,26,27072.95068359375,7.812276051010382,4.0,
2023-03-02 00:00:00+05:30,SELL,ITC.NS,Rebalance,346.2522277832031,64,22160.142578125,,,0.7587728167120774
2023-03-02 00:00:00+05:30,SELL,TATAMOTORS.NS,Rebalance,414.2921752929687,50,20714.608764648434,,,-5.474364526860964
2023-03-02 00:00:00+05:30,SELL,BAJAJ-AUTO.NS,Rebalance,3487.515380859375,7,24412.607666015625,,,-4.898129507687147
2023-03-02 00:00:00+05:30,BUY,ADANIPORTS.NS,Rebalance,613.1141357421875,44,26977.02197265625,34.695648069631744,1.0,
2023-03-02 00:00:00+05:30,BUY,ONGC.NS,Rebalance,138.8668975830078,194,26940.178131103516,10.240700208215921,2.0,
2023-03-02 00:00:00+05:30,BUY,BAJFINANCE.NS,Rebalance,599.8192749023438,45,26991.86737060547,6.389861857414507,4.0,
2023-03-17 00:00:00+05:30,SELL,TECHM.NS,Rebalance,1038.411376953125,26,26998.69580078125,,,-0.27427702166760337
2023-03-17 00:00:00+05:30,SELL,ONGC.NS,Rebalance,138.0555877685547,194,26782.78402709961,,,-0.5842355727491959
2023-03-17 00:00:00+05:30,SELL,BAJFINANCE.NS,Rebalance,565.2431030273438,45,25435.93963623047,,,-5.764431608275563
2023-03-17 00:00:00+05:30,BUY,BPCL.NS,Rebalance,155.31935119628906,175,27180.886459350586,7.890693754884305,2.0,
2023-03-17 00:00:00+05:30,BUY,POWERGRID.NS,Rebalance,156.87933349609375,173,27140.12469482422,7.036340166554629,3.0,
2023-04-03 00:00:00+05:30,SELL,ADANIPORTS.NS,Rebalance,617.9371337890625,44,27189.23388671875,,,0.7866395122397007
2023-04-03 00:00:00+05:30,SELL,BPCL.NS,Rebalance,145.83840942382812,175,25521.721649169922,,,-6.104160041512882
2023-04-03 00:00:00+05:30,SELL,POWERGRID.NS,Rebalance,153.3961639404297,173,26537.536361694336,,,-2.220285794209339
2023-04-03 00:00:00+05:30,BUY,TITAN.NS,Rebalance,2513.392822265625,8,20107.142578125,7.564810657705003,1.0,
2023-04-03 00:00:00+05:30,BUY,BAJAJ-AUTO.NS,Rebalance,3748.9443359375,5,18744.7216796875,7.496137694845236,2.0,
2023-04-03 00:00:00+05:30,BUY,ADANIENT.NS,Rebalance,1715.0234375,12,20580.28125,6.856432569269718,3.0,
2023-04-03 00:00:00+05:30,BUY,NESTLEIND.NS,Rebalance,947.3165283203124,22,20840.96362304687,6.621125222461735,4.0,
2023-04-03 00:00:00+05:30,BUY,DRREDDY.NS,Rebalance,912.84423828125,22,20082.5732421875,6.056124643268812,5.0,
2023-04-20 00:00:00+05:30,SELL,TITAN.NS,Rebalance,2554.846923828125,8,20438.775390625,,,1.64932839766497
2023-04-20 00:00:00+05:30,SELL,ADANIENT.NS,Rebalance,1840.2962646484375,12,22083.55517578125,,,7.304438202375149
2023-04-20 00:00:00+05:30,SELL,NESTLEIND.NS,Rebalance,984.2203979492188,22,21652.848754882812,,,3.895621846094108
2023-04-20 00:00:00+05:30,SELL,DRREDDY.NS,Rebalance,952.3848266601562,22,20952.466186523438,,,4.33158108697222
2023-04-20 00:00:00+05:30,BUY,DIVISLAB.NS,Rebalance,3143.746826171875,8,25149.974609375,14.74476330794388,1.0,
2023-04-20 00:00:00+05:30,BUY,TATAMOTORS.NS,Rebalance,469.8168640136719,58,27249.37811279297,13.794746697171673,2.0,
2023-04-20 00:00:00+05:30,BUY,HDFCLIFE.NS,Rebalance,525.2642822265625,52,27313.74267578125,12.519894780098708,4.0,
2023-05-05 00:00:00+05:30,SELL,BAJAJ-AUTO.NS,Rebalance,4189.5244140625,5,20947.6220703125,,,11.752110424835742
2023-05-05 00:00:00+05:30,SELL,HDFCLIFE.NS,Rebalance,534.62548828125,52,27800.525390625,,,1.7821897226679744
2023-05-05 00:00:00+05:30,BUY,ITC.NS,Rebalance,395.302001953125,70,27671.14013671875,13.156515176676784,2.0,
2023-05-05 00:00:00+05:30,BUY,NESTLEIND.NS,Rebalance,1063.8790283203125,26,27660.854736328125,12.304493431216402,4.0,
2023-05-19 00:00:00+05:30,SELL,DIVISLAB.NS,Rebalance,3040.888671875,8,24327.109375,,,-3.271833260890314
2023-05-19 00:00:00+05:30,SELL,ITC.NS,Rebalance,387.0962829589844,70,27096.739807128906,,,-2.0758101283569164
2023-05-19 00:00:00+05:30,SELL,NESTLEIND.NS,Rebalance,1047.9495849609375,26,27246.689208984375,,,-1.4972983708988918
2023-05-19 00:00:00+05:30,BUY,BAJFINANCE.NS,Rebalance,668.961669921875,41,27427.428466796875,14.739450457533309,1.0,
2023-05-19 00:00:00+05:30,BUY,INDUSINDBK.NS,Rebalance,1220.9031982421875,22,26859.870361328125,10.815136684136764,2.0,
2023-06-02 00:00:00+05:30,SELL,BAJFINANCE.NS,Rebalance,692.5975341796875,41,28396.498901367188,,,3.5332165235375634
2023-06-02 00:00:00+05:30,BUY,ADANIENT.NS,Rebalance,2441.595458984375,11,26857.550048828125,27.326456030706726,1.0,
2023-06-06 00:00:00+05:30,SELL,TATAMOTORS.NS,Take Profit,547.610595703125,58,31761.41455078125,,,16.558309768801593
2023-06-16 00:00:00+05:30,SELL,INDUSINDBK.NS,Rebalance,1299.5723876953125,22,28590.592529296875,,,6.443523906431736
2023-06-16 00:00:00+05:30,BUY,APOLLOHOSP.NS,Rebalance,5163.92529296875,5,25819.62646484375,16.92996509477041,2.0,
2023-06-16 00:00:00+05:30,BUY,DIVISLAB.NS,Rebalance,3513.270263671875,8,28106.162109375,15.534327059254242,3.0,
2023-06-16 00:00:00+05:30,BUY,BRITANNIA.NS,Rebalance,4915.46435546875,5,24577.32177734375,12.108184280732202,4.0,
2023-06-23 00:00:00+05:30,SELL,ADANIENT.NS,Stop Loss,2230.39453125,11,24534.33984375,,,-8.650119615729782
2023-07-03 00:00:00+05:30,SELL,APOLLOHOSP.NS,Rebalance,5033.28857421875,5,25166.44287109375,,,-2.529794900942432
2023-07-03 00:00:00+05:30,SELL,DIVISLAB.NS,Rebalance,3521.072998046875,8,28168.583984375,,,0.22209320061944265
2023-07-03 00:00:00+05:30,SELL,BRITANNIA.NS,Rebalance,4879.99609375,5,24399.98046875,,,-0.7215648238663235
2023-07-03 00:00:00+05:30,BUY,HDFCLIFE.NS,Rebalance,646.7070922851562,34,21988.041137695312,13.262571455539602,1.0,
2023-07-03 00:00:00+05:30,BUY,JSWSTEEL.NS,Rebalance,782.4171752929688,28,21907.680908203125,12.369089163433788,2.0,
2023-07-03 00:00:00+05:30,BUY,DRREDDY.NS,Rebalance,999.4531860351562,22,21987.970092773438,10.581393982523375,3.0,
2023-07-03 00:00:00+05:30,BUY,TATAMOTORS.NS,Rebalance,582.147216796875,38,22121.59423828125,10.244437064942838,4.0,
2023-07-03 00:00:00+05:30,BUY,LT.NS,Rebalance,2390.69873046875,9,21516.28857421875,9.82301342497829,5.0,
2023-07-17 00:00:00+05:30,SELL,JSWSTEEL.NS,Rebalance,789.8195190429688,28,22114.946533203125,,,0.9460865614597815
2023-07-17 00:00:00+05:30,SELL,DRREDDY.NS,Rebalance,1033.239501953125,22,22731.26904296875,,,3.380480085515511
2023-07-17 00:00:00+05:30,SELL,TATAMOTORS.NS,Rebalance,609.4415893554688,38,23158.780395507812,,,4.688568762515858
2023-07-17 00:00:00+05:30,SELL,LT.NS,Rebalance,2405.06787109375,9,21645.61083984375,,,0.6010435544165202
2023-07-17 00:00:00+05:30,BUY,TECHM.NS,Rebalance,1144.587890625,25,28614.697265625,15.336058324487157,1.0,
2023-07-17 00:00:00+05:30,BUY,MandM.NS,Rebalance,1512.9775390625,18,27233.595703125,10.581600502128111,2.0,
2023-07-17 00:00:00+05:30,BUY,INFY.NS,Rebalance,1350.490234375,21,28360.294921875,10.165279545287072,3.0,
2023-07-27 00:00:00+05:30,SELL,TECHM.NS,Stop Loss,1039.86474609375,25,25996.61865234375,,,-9.14941922669356
2023-07-31 00:00:00+05:30,SELL,HDFCLIFE.NS,Rebalance,642.8806762695312,34,21857.942993164062,,,-0.591676828856826
2023-07-31 00:00:00+05:30,SELL,MandM.NS,Rebalance,1452.804931640625,18,26150.48876953125,,,-3.9770985271308326
2023-07-31 00:00:00+05:30,SELL,INFY.NS,Rebalance,1286.6646728515625,21,27019.958129882812,,,-4.7261031511994345
2023-07-31 00:00:00+05:30,BUY,CIPLA.NS,Rebalance,1155.1153564453125,18,20792.076416015625,18.240137549192752,1.0,
2023-07-31 00:00:00+05:30,BUY,NTPC.NS,Rebalance,204.59506225585935,106,21687.07659912109,14.169944030225636,2.0,
2023-07-31 00:00:00+05:30,BUY,DRREDDY.NS,Rebalance,1114.3814697265625,19,21173.247924804688,11.499116246487565,3.0,
2023-07-31 00:00:00+05:30,BUY,SUNPHARMA.NS,Rebalance,1122.8397216796875,19,21333.954711914062,11.111080241227992,4.0,
2023-07-31 00:00:00+05:30,BUY,TATAMOTORS.NS,Rebalance,636.8424072265625,34,21652.641845703125,9.395422472452006,5.0,
2023-08-14 00:00:00+05:30,SELL,SUNPHARMA.NS,Rebalance,1113.854248046875,19,21163.230712890625,,,-0.8002454365767251
2023-08-14 00:00:00+05:30,SELL,TATAMOTORS.NS,Rebalance,600.320068359375,34,20410.88232421875,,,-5.734909995432252
2023-08-14 00:00:00+05:30,BUY,LT.NS,Rebalance,2614.767578125,10,26147.67578125,8.719076478115568,4.0,
2023-08-29 00:00:00+05:30,SELL,NTPC.NS,Rebalance,210.07066345214844,106,22267.490325927734,,,2.676311508164111
2023-08-29 00:00:00+05:30,SELL,DRREDDY.NS,Rebalance,1130.848876953125,19,21486.128662109375,,,1.4777172515802093
2023-08-29 00:00:00+05:30,SELL,LT.NS,Rebalance,2672.81591796875,10,26728.1591796875,,,2.220019107219287
2023-08-29 00:00:00+05:30,BUY,TECHM.NS,Rebalance,1132.610107421875,24,27182.642578125,7.395787504003465,1.0,
2023-08-29 00:00:00+05:30,BUY,ADANIPORTS.NS,Rebalance,816.0614013671875,33,26930.026245117188,5.875173982724189,2.0,
2023-08-29 00:00:00+05:30,BUY,MandM.NS,Rebalance,1537.15478515625,17,26131.63134765625,5.805999943872045,3.0,
2023-09-12 00:00:00+05:30,SELL,CIPLA.NS,Rebalance,1218.8187255859375,18,21938.737060546875,,,5.514892411842069
2023-09-12 00:00:00+05:30,SELL,TECHM.NS,Rebalance,1196.8985595703125,24,28725.5654296875,,,5.676132653872858
2023-09-12 00:00:00+05:30,SELL,ADANIPORTS.NS,Rebalance,850.9412841796875,33,28081.062377929688,,,4.27417382491857
2023-09-12 00:00:00+05:30,SELL,MandM.NS,Rebalance,1534.298828125,17,26083.080078125,,,-0.18579501939745743
2023-09-12 00:00:00+05:30,BUY,COALINDIA.NS,Rebalance,234.1682281494141,95,22245.98167419434,17.782703027040508,1.0,
2023-09-12 00:00:00+05:30,BUY,MARUTI.NS,Rebalance,10293.90234375,2,20587.8046875,12.67961495287501,2.0,
2023-09-12 00:00:00+05:30,BUY,LT.NS,Rebalance,2894.145751953125,7,20259.020263671875,10.684627427897885,3.0,
2023-09-12 00:00:00+05:30,BUY,NTPC.NS,Rebalance,223.3722991943359,100,22337.22991943359,10.375591031476677,4.0,
2023-09-12 00:00:00+05:30,BUY,HCLTECH.NS,Rebalance,1194.8721923828125,18,21507.699462890625,9.51322720777544,5.0,
2023-10-12 00:00:00+05:30,SELL,MARUTI.NS,Rebalance,10369.66015625,2,20739.3203125,,,0.7359484282070811
2023-10-12 00:00:00+05:30,SELL,LT.NS,Rebalance,3029.4599609375,7,21206.2197265625,,,4.675445557400062
2023-10-12 00:00:00+05:30,SELL,NTPC.NS,Rebalance,229.54806518554688,100,22954.806518554688,,,2.7647859709936524
2023-10-12 00:00:00+05:30,SELL,HCLTECH.NS,Rebalance,1140.225341796875,18,20524.05615234375,,,-4.573447347281622
2023-10-12 00:00:00+05:30,BUY,BAJFINANCE.NS,Rebalance,793.6146850585938,36,28570.128662109375,7.845190948012274,2.0,
2023-10-12 00:00:00+05:30,BUY,GRASIM.NS,Rebalance,1979.039794921875,14,27706.55712890625,6.993776232369478,3.0,
2023-10-12 00:00:00+05:30,BUY,BHARTIARTL.NS,Rebalance,937.2479248046876,30,28117.43774414063,6.73291911305557,4.0,
2023-10-16 00:00:00+05:30,SELL,COALINDIA.NS,Take Profit,269.8448486328125,95,25635.260620117188,,,15.235465872267898
2023-10-26 00:00:00+05:30,SELL,BAJFINANCE.NS,Stop Loss,734.9425048828125,36,26457.93017578125,,,-7.393031061597529
2023-10-26 00:00:00+05:30,SELL,GRASIM.NS,Stop Loss,1828.5208740234375,14,25599.292236328125,,,-7.605654079552221
2023-10-27 00:00:00+05:30,SELL,BHARTIARTL.NS,Rebalance,901.9907836914062,30,27059.723510742188,,,-3.761773185107726
2023-10-27 00:00:00+05:30,BUY,COALINDIA.NS,Rebalance,271.5314025878906,81,21994.04360961914,7.683084605413962,1.0,
2023-10-27 00:00:00+05:30,BUY,BAJAJ-AUTO.NS,Rebalance,5198.4794921875,4,20793.91796875,6.767396093570742,2.0,
2023-10-27 00:00:00+05:30,BUY,NESTLEIND.NS,Rebalance,1162.3006591796875,19,22083.712524414062,5.1761919405878825,3.0,
2023-10-27 00:00:00+05:30,BUY,TATAMOTORS.NS,Rebalance,633.6300048828125,34,21543.420166015625,3.3701409737573678,4.0,
2023-10-27 00:00:00+05:30,BUY,HCLTECH.NS,Rebalance,1193.4072265625,18,21481.330078125,1.564303905695258,5.0,
2023-11-10 00:00:00+05:30,SELL,COALINDIA.NS,Rebalance,279.70452880859375,81,22656.066833496094,,,3.0100114177613793
2023-11-10 00:00:00+05:30,SELL,BAJAJ-AUTO.NS,Rebalance,5216.376953125,4,20865.5078125,,,0.3442826111826945
2023-11-10 00:00:00+05:30,SELL,NESTLEIND.NS,Rebalance,1172.9537353515625,19,22286.120971679688,,,0.9165508156378042
2023-11-10 00:00:00+05:30,SELL,TATAMOTORS.NS,Rebalance,643.5142211914062,34,21879.483520507812,,,1.5599350145076856
2023-11-10 00:00:00+05:30,SELL,HCLTECH.NS,Rebalance,1180.9434814453125,18,21256.982666015625,,,-1.0443832448617036
2023-11-10 00:00:00+05:30,BUY,IOC.NS,Rebalance,92.12242126464844,242,22293.625946044922,14.12525539472775,1.0,
2023-11-10 00:00:00+05:30,BUY,BPCL.NS,Rebalance,171.64390563964844,129,22142.06382751465,10.137640045696598,2.0,
2023-11-10 00:00:00+05:30,BUY,CIPLA.NS,Rebalance,1219.113525390625,18,21944.04345703125,7.099051666746738,3.0,
2023-11-10 00:00:00+05:30,BUY,ONGC.NS,Rebalance,177.0902862548828,125,22136.28578186035,6.207631366613977,4.0,
2023-11-10 00:00:00+05:30,BUY,APOLLOHOSP.NS,Rebalance,5251.490234375,4,21005.9609375,5.70001919396926,5.0,
2023-11-28 00:00:00+05:30,SELL,CIPLA.NS,Rebalance,1172.12255859375,18,21098.2060546875,,,-3.854519355104217
2023-11-28 00:00:00+05:30,SELL,ONGC.NS,Rebalance,180.57546997070312,125,22571.93374633789,,,1.9680264736848136
2023-11-28 00:00:00+05:30,SELL,APOLLOHOSP.NS,Rebalance,5339.337890625,4,21357.3515625,,,1.6728138552933078
2023-11-28 00:00:00+05:30,BUY,COALINDIA.NS,Rebalance,309.31256103515625,93,28766.06817626953,13.914102784128785,3.0,
2023-11-28 00:00:00+05:30,BUY,HINDALCO.NS,Rebalance,508.9288940429687,56,28500.018066406246,13.032988945846224,4.0,
2023-12-04 00:00:00+05:30,SELL,IOC.NS,Take Profit,108.89330291748048,242,26352.179306030277,,,18.204994422207825
2023-12-04 00:00:00+05:30,SELL,BPCL.NS,Take Profit,206.2587432861328,129,26607.377883911133,,,20.166656961975242
2023-12-12 00:00:00+05:30,SELL,COALINDIA.NS,Rebalance,314.3328552246094,93,29232.955535888672,,,1.6230489226341256
2023-12-12 00:00:00+05:30,SELL,HINDALCO.NS,Rebalance,520.6256103515625,56,29155.0341796875,,,2.2983006949505715
2023-12-12 00:00:00+05:30,BUY,ADANIENT.NS,Rebalance,2855.0380859375,8,22840.3046875,29.592750753975444,1.0,
2023-12-12 00:00:00+05:30,BUY,ADANIPORTS.NS,Rebalance,1032.4754638671875,23,23746.935668945312,28.858524108986565,2.0,
2023-12-12 00:00:00+05:30,BUY,BPCL.NS,Rebalance,209.4739990234375,115,24089.509887695312,22.03986983564105,3.0,
2023-12-12 00:00:00+05:30,BUY,IOC.NS,Rebalance,110.4435577392578,218,24076.6955871582,19.88781473945042,4.0,
2023-12-12 00:00:00+05:30,BUY,NTPC.NS,Rebalance,271.863037109375,88,23923.947265625,16.74560962648489,5.0,
2023-12-27 00:00:00+05:30,SELL,ADANIENT.NS,Rebalance,2840.75146484375,8,22726.01171875,,,-0.5004003681813844
2023-12-27 00:00:00+05:30,SELL,BPCL.NS,Rebalance,212.8205413818359,115,24474.36225891113,,,1.597593197246391
2023-12-27 00:00:00+05:30,SELL,IOC.NS,Rebalance,118.94644165039062,218,25930.324279785156,,,7.698850059871286
2023-12-27 00:00:00+05:30,BUY,ULTRACEMCO.NS,Rebalance,10309.2275390625,3,30927.6826171875,19.59088971919166,2.0,
2023-12-27 00:00:00+05:30,BUY,WIPRO.NS,Rebalance,225.9513702392578,137,30955.33772277832,18.672046570123214,4.0,
2024-01-10 00:00:00+05:30,SELL,ADANIPORTS.NS,Take Profit,1203.3077392578125,23,27676.078002929688,,,16.545892020597208
2024-01-10 00:00:00+05:30,SELL,NTPC.NS,Rebalance,300.5938720703125,88,26452.2607421875,,,10.568128446743795
2024-01-10 00:00:00+05:30,SELL,ULTRACEMCO.NS,Rebalance,9657.3515625,3,28972.0546875,,,-6.323228138019934
2024-01-10 00:00:00+05:30,SELL,WIPRO.NS,Rebalance,217.6272125244141,137,29814.92811584473,,,-3.684048344574918
2024-01-10 00:00:00+05:30,BUY,ADANIPORTS.NS,Rebalance,1203.3077392578125,20,24066.15478515625,16.545892020597208,1.0,
2024-01-10 00:00:00+05:30,BUY,TATAMOTORS.NS,Rebalance,799.0924072265625,31,24771.864624023438,13.006707985752813,2.0,
2024-01-10 00:00:00+05:30,BUY,BAJAJ-AUTO.NS,Rebalance,6823.93896484375,3,20471.81689453125,12.784214598358831,3.0,
2024-01-10 00:00:00+05:30,BUY,IOC.NS,Rebalance,122.65765380859376,205,25144.819030761722,11.059129495060077,4.0,
2024-01-10 00:00:00+05:30,BUY,CIPLA.NS,Rebalance,1306.7056884765625,19,24827.408081054688,10.891410041906454,5.0,
2024-01-24 00:00:00+05:30,SELL,ADANIPORTS.NS,Stop Loss,1110.4102783203125,20,22208.20556640625,,,-7.720174807052947
2024-01-25 00:00:00+05:30,SELL,TATAMOTORS.NS,Rebalance,802.4530029296875,31,24876.043090820312,,,0.42055157485336836
2024-01-25 00:00:00+05:30,SELL,CIPLA.NS,Rebalance,1346.47119140625,19,25582.95263671875,,,3.043187404812522
2024-01-25 00:00:00+05:30,BUY,ONGC.NS,Rebalance,217.91026306152344,147,32032.808670043945,13.865239886174347,1.0,
2024-01-25 00:00:00+05:30,BUY,BHARTIARTL.NS,Rebalance,1144.550048828125,28,32047.4013671875,13.645716147456529,2.0,
2024-02-02 00:00:00+05:30,SELL,IOC.NS,Take Profit,153.05194091796875,205,31375.647888183594,,,24.779772126413746
2024-02-06 00:00:00+05:30,SELL,ONGC.NS,Take Profit,253.5225830078125,147,37267.81970214844,,,16.34265382729335
2024-02-09 00:00:00+05:30,SELL,BAJAJ-AUTO.NS,Rebalance,7531.2197265625,3,22593.6591796875,,,10.364699411331046
2024-02-09 00:00:00+05:30,SELL,BHARTIARTL.NS,Rebalance,1104.8056640625,28,30934.55859375,,,-3.472489892977441
2024-02-09 00:00:00+05:30,BUY,IOC.NS,Rebalance,171.46702575683594,159,27263.257095336914,39.793172649795494,1.0,
2024-02-09 00:00:00+05:30,BUY,BPCL.NS,Rebalance,287.5206604003906,95,27314.46273803711,36.13295069884353,2.0,
2024-02-09 00:00:00+05:30,BUY,ONGC.NS,Rebalance,249.10012817382812,109,27151.913970947266,26.143331977503948,3.0,
2024-02-09 00:00:00+05:30,BUY,COALINDIA.NS,Rebalance,412.6580200195313,66,27235.429321289066,19.408463532364557,4.0,
2024-02-09 00:00:00+05:30,BUY,SBIN.NS,Rebalance,699.247802734375,39,27270.664306640625,16.6465628722371,5.0,
2024-02-23 00:00:00+05:30,SELL,COALINDIA.NS,Rebalance,406.1574096679687,66,26806.389038085934,,,-1.575302074888775
2024-02-28 00:00:00+05:30,SELL,IOC.NS,Stop Loss,157.27989196777344,159,25007.502822875977,,,-8.273972051735374
2024-03-11 00:00:00+05:30,SELL,BPCL.NS,Rebalance,293.1840515136719,95,27852.484893798828,,,1.969733620323013
2024-03-11 00:00:00+05:30,SELL,ONGC.NS,Rebalance,258.83905029296875,109,28213.456481933594,,,3.9096415527914012
2024-03-11 00:00:00+05:30,SELL,SBIN.NS,Rebalance,745.9607543945312,39,29092.46942138672,,,6.680457411162036
2024-03-11 00:00:00+05:30,BUY,MandM.NS,Rebalance,1865.5919189453125,14,26118.286865234375,15.060125085836246,1.0,
2024-03-11 00:00:00+05:30,BUY,TATAMOTORS.NS,Rebalance,1016.1011352539062,27,27434.73065185547,12.349722520267632,2.0,
2024-03-11 00:00:00+05:30,BUY,BAJAJ-AUTO.NS,Rebalance,8377.2763671875,3,25131.8291015625,11.233992252821556,3.0,
2024-03-11 00:00:00+05:30,BUY,LT.NS,Rebalance,3578.827880859375,7,25051.795166015625,9.50655307891955,4.0,
2024-03-11 00:00:00+05:30,BUY,TATASTEEL.NS,Rebalance,146.991455078125,186,27340.41064453125,8.59871907778651,5.0,
2024-03-14 00:00:00+05:30,SELL,TATASTEEL.NS,Stop Loss,136.45443725585938,186,25380.525329589844,,,-7.168456028049569
2024-03-15 00:00:00+05:30,SELL,TATAMOTORS.NS,Stop Loss,934.9019775390624,27,25242.353393554684,,,-7.99124761282287
2024-03-26 00:00:00+05:30,SELL,MandM.NS,Rebalance,1835.6534423828125,14,25699.148193359375,,,-1.6047709179307188
2024-03-26 00:00:00+05:30,BUY,HDFCLIFE.NS,Rebalance,623.0531616210938,53,33021.81756591797,7.955926760764761,2.0,
2024-03-26 00:00:00+05:30,BUY,HINDALCO.NS,Rebalance,551.4219970703125,60,33085.31982421875,7.774691020765943,3.0,
2024-04-10 00:00:00+05:30,SELL,BAJAJ-AUTO.NS,Rebalance,8712.1494140625,3,26136.4482421875,,,3.9973976289793436
2024-04-10 00:00:00+05:30,SELL,LT.NS,Rebalance,3689.516845703125,7,25826.617919921875,,,3.0928831597559405
2024-04-10 00:00:00+05:30,SELL,HDFCLIFE.NS,Rebalance,617.686279296875,53,32737.372802734375,,,-0.8613843336024333
2024-04-10 00:00:00+05:30,BUY,EICHERMOT.NS,Rebalance,4213.18212890625,8,33705.45703125,14.038423452544007,1.0,
2024-04-10 00:00:00+05:30,BUY,BAJFINANCE.NS,Rebalance,715.9743041992188,47,33650.79229736328,12.380029129367596,3.0,
2024-04-25 00:00:00+05:30,SELL,HINDALCO.NS,Take Profit,638.4313354492188,60,38305.880126953125,,,15.77908368566798
2024-04-26 00:00:00+05:30,SELL,BAJFINANCE.NS,Rebalance,666.555908203125,47,31328.127685546875,,,-6.90225832215665
2024-04-26 00:00:00+05:30,BUY,DIVISLAB.NS,Rebalance,3973.755615234375,8,31790.044921875,18.44147162982901,1.0,
2024-04-26 00:00:00+05:30,BUY,HINDALCO.NS,Rebalance,640.8990478515625,54,34608.548583984375,16.226601632985034,3.0,
2024-04-26 00:00:00+05:30,BUY,MandM.NS,Rebalance,2013.8564453125,17,34235.5595703125,9.707878339953263,4.0,
2024-05-13 00:00:00+05:30,SELL,DIVISLAB.NS,Rebalance,3870.017333984375,8,30960.138671875,,,-2.6105853327339417
2024-05-13 00:00:00+05:30,SELL,HINDALCO.NS,Rebalance,625.303466796875,54,33766.38720703125,,,-2.4333912036485916
2024-05-13 00:00:00+05:30,BUY,DABUR.NS,Rebalance,539.6717529296875,64,34538.9921875,8.691355626866562,1.0,
2024-05-16 00:00:00+05:30,SELL,MandM.NS,Take Profit,2335.74462890625,17,39707.65869140625,,,15.983670749868223
2024-05-28 00:00:00+05:30,SELL,EICHERMOT.NS,Rebalance,4658.26611328125,8,37266.12890625,,,10.56408127532205
2024-05-28 00:00:00+05:30,BUY,MandM.NS,Rebalance,2514.046142578125,14,35196.64599609375,24.83740578579364,1.0,
2024-05-28 00:00:00+05:30,BUY,BRITANNIA.NS,Rebalance,5116.04052734375,7,35812.28369140625,9.37619461301689,3.0,
2024-05-28 00:00:00+05:30,BUY,DIVISLAB.NS,Rebalance,4345.5205078125,8,34764.1640625,9.355504680581571,4.0,
2024-06-11 00:00:00+05:30,SELL,BRITANNIA.NS,Rebalance,5376.39501953125,7,37634.76513671875,,,5.088984162576135
2024-06-11 00:00:00+05:30,BUY,ULTRACEMCO.NS,Rebalance,10800.630859375,3,32401.892578125,14.4694505141468,2.0,
2024-06-18 00:00:00+05:30,SELL,MandM.NS,Take Profit,2916.935546875,14,40837.09765625,,,16.025537378710027
2024-06-26 00:00:00+05:30,SELL,DABUR.NS,Rebalance,590.230712890625,64,37774.765625,,,9.368465124674536
2024-06-26 00:00:00+05:30,SELL,DIVISLAB.NS,Rebalance,4497.1455078125,8,35977.1640625,,,3.4892252775566077
2024-06-26 00:00:00+05:30,BUY,MandM.NS,Rebalance,2808.21142578125,13,36506.74853515625,11.700870490048441,1.0,
2024-06-26 00:00:00+05:30,BUY,HDFCBANK.NS,Rebalance,841.49267578125,46,38708.6630859375,11.172819063483582,2.0,
2024-06-26 00:00:00+05:30,BUY,AXISBANK.NS,Rebalance,1283.31201171875,30,38499.3603515625,8.619236227310275,4.0,
2024-07-10 00:00:00+05:30,SELL,ULTRACEMCO.NS,Rebalance,11492.8134765625,3,34478.4404296875,,,6.408723955107512
2024-07-10 00:00:00+05:30,SELL,MandM.NS,Rebalance,2710.225830078125,13,35232.935791015625,,,-3.489252796408134
2024-07-10 00:00:00+05:30,SELL,HDFCBANK.NS,Rebalance,804.202880859375,46,36993.33251953125,,,-4.431386748227463
2024-07-10 00:00:00+05:30,SELL,AXISBANK.NS,Rebalance,1289.5518798828125,30,38686.556396484375,,,0.48623157167409314
2024-07-10 00:00:00+05:30,BUY,GRASIM.NS,Rebalance,2781.304931640625,11,30594.354248046875,14.052258169086942,1.0,
2024-07-10 00:00:00+05:30,BUY,WIPRO.NS,Rebalance,257.49298095703125,119,30641.66473388672,12.498690019911697,2.0,
2024-07-10 00:00:00+05:30,BUY,ICICIBANK.NS,Rebalance,1223.15087890625,25,30578.77197265625,11.178668630147214,3.0,
2024-07-10 00:00:00+05:30,BUY,HDFCLIFE.NS,Rebalance,631.005859375,48,30288.28125,11.055073687421817,4.0,
2024-07-10 00:00:00+05:30,BUY,INFY.NS,Rebalance,1607.082275390625,19,30534.563232421875,10.19556144817923,5.0,
2024-07-25 00:00:00+05:30,SELL,GRASIM.NS,Rebalance,2776.739501953125,11,30544.134521484375,,,-0.16414703887958673
2024-07-25 00:00:00+05:30,SELL,WIPRO.NS,Rebalance,243.69398498535156,119,28999.584213256836,,,-5.358979464369312
2024-07-25 00:00:00+05:30,SELL,ICICIBANK.NS,Rebalance,1178.58154296875,25,29464.53857421875,,,-3.643813425319549
2024-07-25 00:00:00+05:30,BUY,ONGC.NS,Rebalance,317.2195129394531,123,39018.000091552734,25.41548222252426,1.0,
2024-07-25 00:00:00+05:30,BUY,SBILIFE.NS,Rebalance,1692.1793212890625,23,38920.12438964844,16.851608428556425,3.0,
2024-08-05 00:00:00+05:30,SELL,ONGC.NS,Stop Loss,293.0832824707031,123,36049.243743896484,,,-7.608684045031246
2024-08-08 00:00:00+05:30,SELL,INFY.NS,Rebalance,1699.612060546875,19,32292.629150390625,,,5.757625889673836
2024-08-08 00:00:00+05:30,BUY,BPCL.NS,Rebalance,316.6799621582031,121,38318.27542114258,12.63526828429066,1.0,
2024-08-08 00:00:00+05:30,BUY,ITC.NS,Rebalance,478.2502136230469,80,38260.01708984375,9.591309453412112,3.0,
2024-08-23 00:00:00+05:30,SELL,HDFCLIFE.NS,Take Profit,726.9905395507812,48,34895.5458984375,,,15.211377002244062
2024-08-23 00:00:00+05:30,SELL,SBILIFE.NS,Rebalance,1785.9010009765625,23,41075.72302246094,,,5.538519381982816
2024-08-23 00:00:00+05:30,SELL,ITC.NS,Rebalance,488.93170166015625,80,39114.5361328125,,,2.2334518067833926
2024-08-23 00:00:00+05:30,BUY,BAJAJ-AUTO.NS,Rebalance,10149.228515625,3,30447.685546875,12.159617720054275,1.0,
2024-08-23 00:00:00+05:30,BUY,COALINDIA.NS,Rebalance,497.967529296875,80,39837.40234375,10.170380119341905,3.0,
2024-08-23 00:00:00+05:30,BUY,ASIANPAINT.NS,Rebalance,3120.4619140625,12,37445.54296875,8.728542308679748,4.0,
2024-09-05 00:00:00+05:30,SELL,COALINDIA.NS,Stop Loss,459.292724609375,80,36743.41796875,,,-7.76653143270374
2024-09-06 00:00:00+05:30,SELL,BPCL.NS,Rebalance,340.20391845703125,121,41164.67413330078,,,7.428305895488364
2024-09-06 00:00:00+05:30,SELL,ASIANPAINT.NS,Rebalance,3238.2216796875,12,38858.66015625,,,3.7737927546659167
2024-09-06 00:00:00+05:30,BUY,BAJAJFINSV.NS,Rebalance,1856.24560546875,21,38981.15771484375,20.59023884796969,1.0,
2024-09-06 00:00:00+05:30,BUY,HCLTECH.NS,Rebalance,1699.9066162109375,23,39097.85217285156,12.72586643180821,2.0,
2024-09-06 00:00:00+05:30,BUY,TITAN.NS,Rebalance,3684.411865234375,10,36844.11865234375,12.103743357853554,4.0,
2024-09-20 00:00:00+05:30,SELL,HCLTECH.NS,Rebalance,1703.730224609375,23,39185.795166015625,,,0.22493049688577937
2024-09-20 00:00:00+05:30,SELL,TITAN.NS,Rebalance,3785.806640625,10,37858.06640625,,,2.751993509394884
2024-09-20 00:00:00+05:30,BUY,BHARTIARTL.NS,Rebalance,1697.55859375,24,40741.40625,13.605441009829047,3.0,
2024-09-20 00:00:00+05:30,BUY,BAJFINANCE.NS,Rebalance,754.6201782226562,54,40749.48962402344,12.56856457632475,4.0,
2024-09-23 00:00:00+05:30,SELL,BAJAJ-AUTO.NS,Take Profit,12033.9619140625,3,36101.8857421875,,,18.57021344564175
2024-10-07 00:00:00+05:30,SELL,BAJAJFINSV.NS,Rebalance,1878.3848876953125,21,39446.08264160156,,,1.192691428404581
2024-10-07 00:00:00+05:30,SELL,BAJFINANCE.NS,Rebalance,723.46484375,54,39067.1015625,,,-4.1286113692368875
2024-10-07 00:00:00+05:30,BUY,MandM.NS,Rebalance,3035.81005859375,13,39465.53076171875,13.4205476470761,1.0,
2024-10-07 00:00:00+05:30,BUY,HINDALCO.NS,Rebalance,725.9760131835938,55,39928.680725097656,9.623743202426942,2.0,
2024-10-07 00:00:00+05:30,BUY,JSWSTEEL.NS,Rebalance,1016.0140380859376,39,39624.54748535157,9.214194429571396,3.0,
2024-10-21 00:00:00+05:30,SELL,BHARTIARTL.NS,Rebalance,1678.517822265625,24,40284.427734375,,,-1.121656215843065
2024-10-21 00:00:00+05:30,SELL,MandM.NS,Rebalance,2974.30419921875,13,38665.95458984375,,,-2.0260114495928243
2024-10-21 00:00:00+05:30,SELL,JSWSTEEL.NS,Rebalance,978.814208984375,39,38173.754150390625,,,-3.661349913200327
2024-10-21 00:00:00+05:30,BUY,DIVISLAB.NS,Rebalance,5898.1435546875,6,35388.861328125,8.70064222964047,1.0,
2024-10-21 00:00:00+05:30,BUY,HDFCLIFE.NS,Rebalance,743.7940673828125,54,40164.879638671875,4.88679866768194,3.0,
2024-10-21 00:00:00+05:30,BUY,TECHM.NS,Rebalance,1655.80126953125,24,39739.23046875,4.879615551627003,4.0,
2024-10-25 00:00:00+05:30,SELL,HINDALCO.NS,Stop Loss,673.8086547851562,55,37059.476013183594,,,-7.1858239736696055
2024-11-04 00:00:00+05:30,SELL,HDFCLIFE.NS,Rebalance,708.8905639648438,54,38280.09045410156,,,-4.692629983025231
2024-11-04 00:00:00+05:30,SELL,TECHM.NS,Rebalance,1609.0010986328125,24,38616.0263671875,,,-2.8264364667196094
2024-11-04 00:00:00+05:30,BUY,SBIN.NS,Rebalance,813.5149536132812,47,38235.20281982422,7.681824274109052,2.0,
2024-11-04 00:00:00+05:30,BUY,HDFCBANK.NS,Rebalance,847.72412109375,45,38147.58544921875,5.952524894141778,3.0,
2024-11-04 00:00:00+05:30,BUY,EICHERMOT.NS,Rebalance,4769.99951171875,8,38159.99609375,3.511172186031835,4.0,
2024-11-19 00:00:00+05:30,SELL,DIVISLAB.NS,Rebalance,5874.10302734375,6,35244.6181640625,,,-0.4075948155694514
2024-11-19 00:00:00+05:30,SELL,SBIN.NS,Rebalance,787.1934814453125,47,36998.09362792969,,,-3.235524073781332
2024-11-19 00:00:00+05:30,BUY,WIPRO.NS,Rebalance,270.2101745605469,143,38640.0549621582,2.5360461355330295,2.0,
2024-12-04 00:00:00+05:30,SELL,EICHERMOT.NS,Rebalance,4735.64501953125,8,37885.16015625,,,-0.7202200357274505
2024-12-04 00:00:00+05:30,BUY,TCS.NS,Rebalance,4291.2138671875,9,38620.9248046875,9.844488737397933,1.0,
2024-12-18 00:00:00+05:30,SELL,HDFCBANK.NS,Rebalance,895.49853515625,45,40297.43408203125,,,5.635608669582331
2024-12-18 00:00:00+05:30,SELL,TCS.NS,Rebalance,4284.7587890625,9,38562.8291015625,,,-0.15042545826854153
2024-12-18 00:00:00+05:30,BUY,ULTRACEMCO.NS,Rebalance,11689.8515625,3,35069.5546875,9.23344280031055,2.0,
2024-12-18 00:00:00+05:30,BUY,INFY.NS,Rebalance,1951.6895751953125,20,39033.79150390625,8.461438530569106,3.0,
2024-12-18 00:00:00+05:30,BUY,APOLLOHOSP.NS,Rebalance,7217.93896484375,5,36089.69482421875,8.232511079447006,4.0,
2025-01-03 00:00:00+05:30,SELL,WIPRO.NS,Rebalance,283.14373779296875,143,40489.55450439453,,,4.786482690171169
2025-01-03 00:00:00+05:30,SELL,ULTRACEMCO.NS,Rebalance,11711.7626953125,3,35135.2880859375,,,0.18743722018497616
2025-01-03 00:00:00+05:30,SELL,INFY.NS,Rebalance,1911.85009765625,20,38237.001953125,,,-2.041281464296166
2025-01-03 00:00:00+05:30,SELL,APOLLOHOSP.NS,Rebalance,7278.7255859375,5,36393.6279296875,,,0.8421603644727672
2025-01-03 00:00:00+05:30,BUY,DRREDDY.NS,Rebalance,1344.1253662109375,23,30914.883422851562,11.278844025738174,1.0,
2025-01-03 00:00:00+05:30,BUY,EICHERMOT.NS,Rebalance,5242.76953125,5,26213.84765625,10.70866818832943,2.0,
2025-01-03 00:00:00+05:30,BUY,BAJFINANCE.NS,Rebalance,737.1838989257812,42,30961.723754882812,9.899850091332823,3.0,
2025-01-03 00:00:00+05:30,BUY,MARUTI.NS,Rebalance,11806.4638671875,2,23612.927734375,7.227413236069784,4.0,
2025-01-03 00:00:00+05:30,BUY,MandM.NS,Rebalance,3165.121337890625,9,28486.092041015625,5.237900959455076,5.0,
2025-01-15 00:00:00+05:30,SELL,MandM.NS,Stop Loss,2936.65673828125,9,26429.91064453125,,,-7.2181940349128535
2025-01-17 00:00:00+05:30,SELL,DRREDDY.NS,Rebalance,1301.14794921875,23,29926.40283203125,,,-3.1974262276843994
2025-01-17 00:00:00+05:30,SELL,BAJFINANCE.NS,Rebalance,714.776611328125,42,30020.61767578125,,,-3.0395790833614216
2025-01-17 00:00:00+05:30,BUY,SBILIFE.NS,Rebalance,1537.5736083984375,24,36901.7666015625,10.19313845394754,2.0,
2025-01-17 00:00:00+05:30,BUY,ONGC.NS,Rebalance,260.0000305175781,144,37440.00439453125,9.182880354791008,3.0,
2025-01-27 00:00:00+05:30,SELL,SBILIFE.NS,Stop Loss,1421.694091796875,24,34120.658203125,,,-7.536518314870437
2025-01-31 00:00:00+05:30,SELL,EICHERMOT.NS,Rebalance,5127.8095703125,5,25639.0478515625,,,-2.1927334446473528
2025-01-31 00:00:00+05:30,SELL,MARUTI.NS,Rebalance,12178.833984375,2,24357.66796875,,,3.15395127089992
2025-01-31 00:00:00+05:30,SELL,ONGC.NS,Rebalance,256.1376037597656,144,36883.81494140625,,,-1.4855485786380969
2025-01-31 00:00:00+05:30,BUY,WIPRO.NS,Rebalance,305.8833923339844,96,29364.8056640625,8.031134546102017,1.0,
2025-01-31 00:00:00+05:30,BUY,BAJFINANCE.NS,Rebalance,784.7405395507812,37,29035.399963378906,6.451123077199485,2.0,
2025-01-31 00:00:00+05:30,BUY,BRITANNIA.NS,Rebalance,5063.29541015625,5,25316.47705078125,6.113860869415724,3.0,
2025-01-31 00:00:00+05:30,BUY,NESTLEIND.NS,Rebalance,1137.099609375,26,29564.58984375,3.605491387341407,4.0,
2025-01-31 00:00:00+05:30,BUY,KOTAKBANK.NS,Rebalance,1899.1104736328125,15,28486.657104492188,3.407392882958483,5.0,
2025-02-13 00:00:00+05:30,SELL,BRITANNIA.NS,Rebalance,4825.46240234375,5,24127.31201171875,,,-4.697197942182888
2025-02-13 00:00:00+05:30,SELL,NESTLEIND.NS,Rebalance,1084.2164306640625,26,28189.627197265625,,,-4.650707666675255
2025-02-13 00:00:00+05:30,BUY,BAJAJFINSV.NS,Rebalance,1848.3494873046875,20,36966.98974609375,10.031835932674378,4.0,
2025-02-28 00:00:00+05:30,SELL,WIPRO.NS,Stop Loss,272.2940979003906,96,26140.2333984375,,,-10.981078174037858
2025-02-28 00:00:00+05:30,SELL,KOTAKBANK.NS,Rebalance,1900.7584228515625,15,28511.376342773438,,,0.08677479491741386
2025-02-28 00:00:00+05:30,BUY,HINDALCO.NS,Rebalance,629.7318115234375,57,35894.71325683594,6.739019693933162,3.0,
2025-02-28 00:00:00+05:30,BUY,AXISBANK.NS,Rebalance,1014.6828002929688,35,35513.898010253906,2.986513956417823,4.0,
2025-03-17 00:00:00+05:30,SELL,BAJFINANCE.NS,Rebalance,853.93310546875,37,31595.52490234375,,,8.817253911410962
2025-03-17 00:00:00+05:30,SELL,BAJAJFINSV.NS,Rebalance,1870.6885986328125,20,37413.77197265625,,,1.2085978047744903
2025-03-17 00:00:00+05:30,SELL,AXISBANK.NS,Rebalance,1033.2669677734375,35,36164.34387207031,,,1.8315248346678346
2025-03-17 00:00:00+05:30,BUY,TATASTEEL.NS,Rebalance,148.3503875732422,249,36939.246505737305,11.420180866145072,2.0,
2025-03-17 00:00:00+05:30,BUY,NTPC.NS,Rebalance,328.3260498046875,112,36772.517578125,8.134978607872918,3.0,
2025-04-01 00:00:00+05:30,SELL,HINDALCO.NS,Rebalance,658.9178466796875,57,37558.31726074219,,,4.63467695647193
2025-04-01 00:00:00+05:30,SELL,TATASTEEL.NS,Rebalance,149.63052368164062,249,37258.000396728516,,,0.8629138955005564
2025-04-01 00:00:00+05:30,SELL,NTPC.NS,Rebalance,348.6205749511719,112,39045.50439453125,,,6.1812107685506685
2025-04-01 00:00:00+05:30,BUY,BPCL.NS,Rebalance,280.3780822753906,106,29720.076721191406,19.932576158590273,1.0,
2025-04-01 00:00:00+05:30,BUY,IOC.NS,Rebalance,128.46087646484375,232,29802.92333984375,15.640154801106924,2.0,
2025-04-01 00:00:00+05:30,BUY,POWERGRID.NS,Rebalance,288.05450439453125,103,29669.61395263672,15.32787327407025,3.0,
2025-04-01 00:00:00+05:30,BUY,HDFCLIFE.NS,Rebalance,690.9900512695312,43,29712.572204589844,13.870173180276405,4.0,
2025-04-01 00:00:00+05:30,BUY,GRASIM.NS,Rebalance,2609.507080078125,11,28704.577880859375,13.541291330847335,5.0,
2025-04-17 00:00:00+05:30,SELL,BPCL.NS,Rebalance,293.9241027832031,106,31155.95489501953,,,4.8313407374359025
2025-04-17 00:00:00+05:30,SELL,IOC.NS,Rebalance,131.45606994628906,232,30497.808227539062,,,2.3315997554049193
2025-04-17 00:00:00+05:30,SELL,HDFCLIFE.NS,Rebalance,718.065185546875,43,30876.802978515625,,,3.9183102893593875
2025-04-17 00:00:00+05:30,SELL,GRASIM.NS,Rebalance,2750.693359375,11,30257.626953125,,,5.410457797748074
2025-04-17 00:00:00+05:30,BUY,INDUSINDBK.NS,Rebalance,794.7000122070312,49,38940.30059814453,17.316206608411463,1.0,
2025-04-17 00:00:00+05:30,BUY,BRITANNIA.NS,Rebalance,5384.0419921875,7,37688.2939453125,16.678433429118165,2.0,
2025-04-17 00:00:00+05:30,BUY,BHARTIARTL.NS,Rebalance,1873.438232421875,20,37468.7646484375,15.248751332172676,4.0,
2025-05-05 00:00:00+05:30,SELL,POWERGRID.NS,Rebalance,306.8731689453125,103,31607.936401367188,,,6.533022141187016
2025-05-05 00:00:00+05:30,SELL,BRITANNIA.NS,Rebalance,5289.6787109375,7,37027.7509765625,,,-1.7526475719714965
2025-05-05 00:00:00+05:30,SELL,BHARTIARTL.NS,Rebalance,1850.52978515625,20,37010.595703125,,,-1.2228023784915638
2025-05-05 00:00:00+05:30,BUY,ADANIPORTS.NS,Rebalance,1340.577880859375,29,38876.758544921875,14.671213970030985,2.0,
2025-05-05 00:00:00+05:30,BUY,MandM.NS,Rebalance,2997.41845703125,13,38966.43994140625,14.541872198768454,3.0,
2025-05-19 00:00:00+05:30,SELL,INDUSINDBK.NS,Rebalance,784.0499877929688,49,38418.44940185547,,,-1.3401314018462616
2025-05-19 00:00:00+05:30,SELL,ADANIPORTS.NS,Rebalance,1391.530029296875,29,40354.370849609375,,,3.800760042738973
2025-05-19 00:00:00+05:30,BUY,TECHM.NS,Rebalance,1569.129638671875,25,39228.240966796875,22.268140101413337,1.0,
2025-05-19 00:00:00+05:30,BUY,TATAMOTORS.NS,Rebalance,723.2813720703125,54,39057.194091796875,17.36787173112392,2.0,
2025-06-02 00:00:00+05:30,SELL,MandM.NS,Rebalance,3001.783447265625,13,39023.184814453125,,,0.14562498686613953
2025-06-02 00:00:00+05:30,SELL,TECHM.NS,Rebalance,1521.303466796875,25,38032.586669921875,,,-3.0479426744803884
2025-06-02 00:00:00+05:30,BUY,TATASTEEL.NS,Rebalance,155.41561889648438,246,38232.242248535156,11.936940971564729,1.0,
2025-06-02 00:00:00+05:30,BUY,LT.NS,Rebalance,3645.60009765625,10,36456.0009765625,10.491866526066637,2.0,
2025-06-02 00:00:00+05:30,BUY,ADANIPORTS.NS,Rebalance,1460.8924560546875,26,37983.203857421875,8.974829207101722,3.0,
2025-06-16 00:00:00+05:30,SELL,TATAMOTORS.NS,Rebalance,686.6500244140625,54,37079.101318359375,,,-5.064605431686543
2025-06-16 00:00:00+05:30,SELL,TATASTEEL.NS,Rebalance,154.1699981689453,246,37925.81954956055,,,-0.8014771851011426
2025-06-16 00:00:00+05:30,SELL,LT.NS,Rebalance,3628.699951171875,10,36286.99951171875,,,-0.4635765314807862
2025-06-16 00:00:00+05:30,SELL,ADANIPORTS.NS,Rebalance,1400.5999755859375,26,36415.599365234375,,,-4.127099172760256
2025-06-16 00:00:00+05:30,BUY,DRREDDY.NS,Rebalance,1338.312255859375,22,29442.86962890625,10.484007338825291,1.0,
2025-06-16 00:00:00+05:30,BUY,TECHM.NS,Rebalance,1663.5052490234375,18,29943.094482421875,6.014519643605919,2.0,
2025-06-16 00:00:00+05:30,BUY,INFY.NS,Rebalance,1623.800048828125,18,29228.40087890625,5.5678345220342855,3.0,
2025-06-16 00:00:00+05:30,BUY,INDUSINDBK.NS,Rebalance,821.25,36,29565.0,4.744597000982806,4.0,
2025-06-16 00:00:00+05:30,BUY,HCLTECH.NS,Rebalance,1709.6080322265625,17,29063.336547851562,4.4495692243921,5.0,
2025-06-30 00:00:00+05:30,SELL,DRREDDY.NS,Rebalance,1275.2125244140625,22,28054.675537109375,,,-4.714873615559476
2025-06-30 00:00:00+05:30,SELL,INFY.NS,Rebalance,1601.800048828125,18,28832.40087890625,,,-1.3548466152514966
2025-06-30 00:00:00+05:30,SELL,INDUSINDBK.NS,Rebalance,872.0999755859375,36,31395.59912109375,,,6.19177784912481
2025-06-30 00:00:00+05:30,SELL,HCLTECH.NS,Rebalance,1715.1644287109375,17,29157.795288085938,,,0.3250099660059768
2025-06-30 00:00:00+05:30,BUY,GRASIM.NS,Rebalance,2834.189697265625,13,36844.466064453125,12.693627174980875,1.0,
2025-06-30 00:00:00+05:30,BUY,HINDALCO.NS,Rebalance,687.8059692382812,54,37141.52233886719,9.784507357570133,2.0,
2025-06-30 00:00:00+05:30,BUY,BHARTIARTL.NS,Rebalance,1992.939208984375,18,35872.90576171875,8.38681862803904,4.0,
2025-07-14 00:00:00+05:30,SELL,TECHM.NS,Rebalance,1576.699951171875,18,28380.59912109375,,,-5.218216047260545
2025-07-14 00:00:00+05:30,SELL,GRASIM.NS,Rebalance,2774.3076171875,13,36065.9990234375,,,-2.1128465796025635
2025-07-14 00:00:00+05:30,SELL,HINDALCO.NS,Rebalance,661.6478271484375,54,35728.982666015625,,,-3.803128100038575
2025-07-14 00:00:00+05:30,SELL,BHARTIARTL.NS,Rebalance,1904.974609375,18,34289.54296875,,,-4.413812484235422
2025-07-14 00:00:00+05:30,BUY,DABUR.NS,Rebalance,520.974853515625,55,28653.616943359375,11.553957311228299,1.0,
2025-07-14 00:00:00+05:30,BUY,HINDUNILVR.NS,Rebalance,2516.60009765625,11,27682.60107421875,9.266360972254937,2.0,
2025-07-14 00:00:00+05:30,BUY,ULTRACEMCO.NS,Rebalance,12437.1640625,2,24874.328125,8.882117390335665,3.0,
2025-07-14 00:00:00+05:30,BUY,BPCL.NS,Rebalance,339.29095458984375,85,28839.73114013672,8.849555702652234,4.0,
2025-07-14 00:00:00+05:30,BUY,ASIANPAINT.NS,Rebalance,2401.60009765625,12,28819.201171875,6.985034097356728,5.0,
2025-07-28 00:00:00+05:30,SELL,ULTRACEMCO.NS,Rebalance,12240.0,2,24480.0,,,-1.5852815120006383
2025-07-28 00:00:00+05:30,SELL,BPCL.NS,Rebalance,328.4541320800781,85,27918.60122680664,,,-3.1939615139065105
2025-07-28 00:00:00+05:30,SELL,ASIANPAINT.NS,Rebalance,2359.60009765625,12,28315.201171875,,,-1.7488340394801076
2025-07-28 00:00:00+05:30,BUY,CIPLA.NS,Rebalance,1572.0,22,34584.0,4.389399994309493,3.0,
2025-07-28 00:00:00+05:30,BUY,ICICIBANK.NS,Rebalance,1477.00341796875,23,33971.07861328125,2.9464648454200755,4.0,
2025-08-11 00:00:00+05:30,SELL,DABUR.NS,Rebalance,510.0499877929687,55,28052.749328613278,,,-2.097004423329359
2025-08-11 00:00:00+05:30,SELL,HINDUNILVR.NS,Rebalance,2518.39990234375,11,27702.39892578125,,,0.0715173097694857
2025-08-11 00:00:00+05:30,SELL,CIPLA.NS,Rebalance,1504.800048828125,22,33105.60107421875,,,-4.274806054190522
2025-08-11 00:00:00+05:30,SELL,ICICIBANK.NS,Rebalance,1425.5999755859375,23,32788.79943847656,,,-3.48025209403409
2025-08-11 00:00:00+05:30,BUY,LT.NS,Rebalance,3668.39990234375,7,25678.79931640625,4.934351806936781,1.0,
2025-08-11 00:00:00+05:30,BUY,EICHERMOT.NS,Rebalance,5671.5,4,22686.0,3.6917174246009337,2.0,
2025-08-11 00:00:00+05:30,BUY,ASIANPAINT.NS,Rebalance,2489.10009765625,11,27380.10107421875,3.6434042489168905,3.0,
2025-08-11 00:00:00+05:30,BUY,MandM.NS,Rebalance,3186.199951171875,8,25489.599609375,3.0432343890468103,4.0,
2025-08-11 00:00:00+05:30,BUY,BAJAJ-AUTO.NS,Rebalance,8275.0,3,24825.0,2.3183925811437405,5.0,
2025-08-26 00:00:00+05:30,SELL,LT.NS,Rebalance,3541.300048828125,7,24789.100341796875,,,-3.4647218650949307
2025-08-26 00:00:00+05:30,SELL,ASIANPAINT.NS,Rebalance,2481.39990234375,11,27295.39892578125,,,-0.30935659517070224
2025-08-26 00:00:00+05:30,SELL,MandM.NS,Rebalance,3330.800048828125,8,26646.400390625,,,4.538324646043213
2025-08-26 00:00:00+05:30,BUY,MARUTI.NS,Rebalance,14714.0,2,29428.0,20.52881490214512,1.0,
2025-08-26 00:00:00+05:30,BUY,HINDUNILVR.NS,Rebalance,2692.60009765625,13,35003.80126953125,10.280143756585728,3.0,
2025-09-05 00:00:00+05:30,SELL,EICHERMOT.NS,Take Profit,6580.5,4,26322.0,,,16.027505950806663
2025-09-09 00:00:00+05:30,SELL,HINDUNILVR.NS,Rebalance,2642.0,13,34346.0,,,-1.879228100017318
2025-09-09 00:00:00+05:30,BUY,EICHERMOT.NS,Rebalance,6874.5,5,34372.5,21.211319756678126,2.0,
2025-09-09 00:00:00+05:30,BUY,MandM.NS,Rebalance,3696.300048828125,9,33266.700439453125,16.009669997911985,3.0,
2025-09-23 00:00:00+05:30,SELL,BAJAJ-AUTO.NS,Rebalance,8984.5,3,26953.5,,,8.574018126888218
2025-09-23 00:00:00+05:30,SELL,MARUTI.NS,Rebalance,16097.0,2,32194.0,,,9.399211635177382
2025-09-23 00:00:00+05:30,SELL,MandM.NS,Rebalance,3614.60009765625,9,32531.40087890625,,,-2.210317076336299
2025-09-23 00:00:00+05:30,BUY,ADANIENT.NS,Rebalance,2676.39990234375,13,34793.19873046875,17.799291476397446,1.0,
2025-09-23 00:00:00+05:30,BUY,BAJFINANCE.NS,Rebalance,1025.5,35,35892.5,17.032810271041367,2.0,
2025-09-23 00:00:00+05:30,BUY,TATASTEEL.NS,Rebalance,173.2899932861328,211,36564.18858337402,11.778362027101059,4.0,
