Date,Portfolio Value,Cash,Positions
2022-02-01 00:00:00+05:30,100000.0,100000.0,0
2022-02-02 00:00:00+05:30,100692.019679245,4293.147593673704,5
2022-02-03 00:00:00+05:30,100226.26711576842,4293.147593673704,5
2022-02-04 00:00:00+05:30,99642.02297514342,4293.147593673704,5
2022-02-07 00:00:00+05:30,99882.92553251648,4293.147593673704,5
2022-02-08 00:00:00+05:30,99583.12008207702,4293.147593673704,5
2022-02-09 00:00:00+05:30,100193.58211820983,4293.147593673704,5
2022-02-10 00:00:00+05:30,101064.01488798522,4293.147593673704,5
2022-02-11 00:00:00+05:30,100366.01583403014,4293.147593673704,5
2022-02-14 00:00:00+05:30,96940.38273161315,4293.147593673704,5
2022-02-15 00:00:00+05:30,99069.03850859069,4293.147593673704,5
2022-02-16 00:00:00+05:30,98647.0890074463,13637.366473266604,4
2022-02-17 00:00:00+05:30,98063.98988635254,13637.366473266604,4
2022-02-18 00:00:00+05:30,98064.54109484864,13637.366473266604,4
2022-02-21 00:00:00+05:30,97307.75380236817,13637.366473266604,4
2022-02-22 00:00:00+05:30,96940.72062976075,13637.366473266604,4
2022-02-23 00:00:00+05:30,97445.75184924317,13637.366473266604,4
2022-02-24 00:00:00+05:30,93393.75477893067,35709.77331469727,3
2022-02-25 00:00:00+05:30,95086.24816821289,35709.77331469727,3
2022-02-28 00:00:00+05:30,96435.72924731445,35709.77331469727,3
2022-03-02 00:00:00+05:30,96870.17059252929,50769.04955004883,2
2022-03-03 00:00:00+05:30,97875.10121428681,21059.228968498235,3
2022-03-04 00:00:00+05:30,95317.41077696992,21059.228968498235,3
2022-03-07 00:00:00+05:30,98243.0077694626,49336.163109001165,2
2022-03-08 00:00:00+05:30,97853.57310503388,49336.163109001165,2
2022-03-09 00:00:00+05:30,97261.60242479706,49336.163109001165,2
2022-03-10 00:00:00+05:30,97255.52069109345,49336.163109001165,2
2022-03-11 00:00:00+05:30,97490.19998186493,49336.163109001165,2
2022-03-14 00:00:00+05:30,97219.13573473359,49336.163109001165,2
2022-03-15 00:00:00+05:30,95059.82228868867,49336.163109001165,2
2022-03-16 00:00:00+05:30,96173.07416551972,49336.163109001165,2
2022-03-17 00:00:00+05:30,95682.42669985199,2998.941622947692,4
2022-03-21 00:00:00+05:30,96416.16905519867,2998.941622947692,4
2022-03-22 00:00:00+05:30,97084.45840761566,2998.941622947692,4
2022-03-23 00:00:00+05:30,96682.89003298187,2998.941622947692,4
2022-03-24 00:00:00+05:30,98027.08371279144,2998.941622947692,4
2022-03-25 00:00:00+05:30,97242.61584780121,2998.941622947692,4
2022-03-28 00:00:00+05:30,98328.62335512543,2998.941622947692,4
2022-03-29 00:00:00+05:30,98031.02647707367,2998.941622947692,4
2022-03-30 00:00:00+05:30,97087.26358339691,2998.941622947692,4
2022-03-31 00:00:00+05:30,97040.87118837738,2998.941622947692,4
2022-04-01 00:00:00+05:30,97499.36594313812,1605.0094978256275,4
2022-04-04 00:00:00+05:30,97747.69562453461,1605.0094978256275,4
2022-04-05 00:00:00+05:30,98791.8343116684,1605.0094978256275,4
2022-04-06 00:00:00+05:30,98792.02559584808,1605.0094978256275,4
2022-04-07 00:00:00+05:30,97254.96988600922,1605.0094978256275,4
2022-04-08 00:00:00+05:30,100184.59105605316,1605.0094978256275,4
2022-04-11 00:00:00+05:30,100044.26424330904,1605.0094978256275,4
2022-04-12 00:00:00+05:30,99318.15524977875,22348.263790061956,3
2022-04-13 00:00:00+05:30,100134.56626503755,22348.263790061956,3
2022-04-18 00:00:00+05:30,100649.50436013032,22348.263790061956,3
2022-04-19 00:00:00+05:30,98722.52243566132,23735.93008946992,3
2022-04-20 00:00:00+05:30,98641.48624181366,23735.93008946992,3
2022-04-21 00:00:00+05:30,100055.94199132538,23735.93008946992,3
2022-04-22 00:00:00+05:30,99201.88968419647,23735.93008946992,3
2022-04-25 00:00:00+05:30,98411.84799718476,23735.93008946992,3
2022-04-26 00:00:00+05:30,100060.041844841,52398.03226525117,2
2022-04-27 00:00:00+05:30,99803.8080220871,52398.03226525117,2
2022-04-28 00:00:00+05:30,100704.17533165742,52398.03226525117,2
2022-04-29 00:00:00+05:30,100101.44748741914,52398.03226525117,2
2022-05-02 00:00:00+05:30,100457.77512413789,52398.03226525117,2
2022-05-04 00:00:00+05:30,97760.96707213594,3568.399750358596,4
2022-05-05 00:00:00+05:30,97776.99728453829,3568.399750358596,4
2022-05-06 00:00:00+05:30,97653.55410826876,3568.399750358596,4
2022-05-09 00:00:00+05:30,96660.19992125704,26014.57142986299,3
2022-05-10 00:00:00+05:30,95023.0363956833,47049.75786296846,2
2022-05-11 00:00:00+05:30,94519.96117107393,47049.75786296846,2
2022-05-12 00:00:00+05:30,93314.66881267549,69919.1559168625,1
2022-05-13 00:00:00+05:30,93946.83023326875,69919.1559168625,1
2022-05-16 00:00:00+05:30,94320.95425670625,69919.1559168625,1
2022-05-17 00:00:00+05:30,94522.19912975312,69919.1559168625,1
2022-05-18 00:00:00+05:30,93444.76299918367,915.5555254287901,4
2022-05-19 00:00:00+05:30,91502.75782645418,915.5555254287901,4
2022-05-20 00:00:00+05:30,93192.54502738192,915.5555254287901,4
2022-05-23 00:00:00+05:30,94372.29925406649,915.5555254287901,4
2022-05-24 00:00:00+05:30,94891.37142813875,915.5555254287901,4
2022-05-25 00:00:00+05:30,94192.80337393953,915.5555254287901,4
2022-05-26 00:00:00+05:30,94812.08813346102,915.5555254287901,4
2022-05-27 00:00:00+05:30,95783.62209952547,915.5555254287901,4
2022-05-30 00:00:00+05:30,96990.25009024813,915.5555254287901,4
2022-05-31 00:00:00+05:30,97940.62353385164,915.5555254287901,4
2022-06-01 00:00:00+05:30,97508.39797097017,21875.676779563924,3
2022-06-02 00:00:00+05:30,97186.78078347017,21875.676779563924,3
2022-06-03 00:00:00+05:30,96116.44313698579,21875.676779563924,3
2022-06-06 00:00:00+05:30,95785.22170143892,21875.676779563924,3
2022-06-07 00:00:00+05:30,95203.37746315767,44157.05986037447,2
2022-06-08 00:00:00+05:30,95258.0454560776,44157.05986037447,2
2022-06-09 00:00:00+05:30,95837.9360810776,44157.05986037447,2
2022-06-10 00:00:00+05:30,95578.42704787447,44157.05986037447,2
2022-06-13 00:00:00+05:30,94604.58183303072,44157.05986037447,2
2022-06-14 00:00:00+05:30,95197.9380342026,44157.05986037447,2
2022-06-15 00:00:00+05:30,95296.87301222995,20461.50423781588,3
2022-06-16 00:00:00+05:30,94058.19344680026,20461.50423781588,3
2022-06-17 00:00:00+05:30,92604.17159621432,20461.50423781588,3
2022-06-20 00:00:00+05:30,92099.76400344088,20461.50423781588,3
2022-06-21 00:00:00+05:30,93574.5551411362,20461.50423781588,3
2022-06-22 00:00:00+05:30,92609.44723097995,20461.50423781588,3
2022-06-23 00:00:00+05:30,94051.62667433932,20461.50423781588,3
2022-06-24 00:00:00+05:30,95428.15462844088,49391.36426662447,2
2022-06-27 00:00:00+05:30,95583.85755275728,49391.36426662447,2
2022-06-28 00:00:00+05:30,95742.84095119478,49391.36426662447,2
2022-06-29 00:00:00+05:30,95820.55934438325,8107.813250633251,5
2022-06-30 00:00:00+05:30,94302.38038930512,8107.813250633251,5
2022-07-01 00:00:00+05:30,95133.48012075044,8107.813250633251,5
2022-07-04 00:00:00+05:30,94927.22401723481,8107.813250633251,5
2022-07-05 00:00:00+05:30,94561.44569692231,8107.813250633251,5
2022-07-06 00:00:00+05:30,96338.44777211762,8107.813250633251,5
2022-07-07 00:00:00+05:30,97656.33095082856,8107.813250633251,5
2022-07-08 00:00:00+05:30,97205.36317739106,8107.813250633251,5
2022-07-11 00:00:00+05:30,99458.00587758637,8107.813250633251,5
2022-07-12 00:00:00+05:30,98296.24318227387,8107.813250633251,5
2022-07-13 00:00:00+05:30,98299.45427352143,10307.75243025972,4
2022-07-14 00:00:00+05:30,98780.54771834565,10307.75243025972,4
2022-07-15 00:00:00+05:30,100338.96098738862,10307.75243025972,4
2022-07-18 00:00:00+05:30,100286.26366072847,10307.75243025972,4
2022-07-19 00:00:00+05:30,101151.06224471284,10307.75243025972,4
2022-07-20 00:00:00+05:30,101470.69682723237,10307.75243025972,4
2022-07-21 00:00:00+05:30,101905.33513289643,10307.75243025972,4
2022-07-22 00:00:00+05:30,102860.72111922456,10307.75243025972,4
2022-07-25 00:00:00+05:30,102059.53660994722,10307.75243025972,4
2022-07-26 00:00:00+05:30,100734.3362925644,10307.75243025972,4
2022-07-27 00:00:00+05:30,101314.70578804782,6179.542396934539,5
2022-07-28 00:00:00+05:30,104156.61771431734,6179.542396934539,5
2022-07-29 00:00:00+05:30,105774.78061714939,6179.542396934539,5
2022-08-01 00:00:00+05:30,106903.22275582126,6179.542396934539,5
2022-08-02 00:00:00+05:30,108008.29422798923,6179.542396934539,5
2022-08-03 00:00:00+05:30,108155.29422798923,6179.542396934539,5
2022-08-04 00:00:00+05:30,108001.97885933689,6179.542396934539,5
2022-08-05 00:00:00+05:30,108018.23142281345,6179.542396934539,5
2022-08-08 00:00:00+05:30,109446.12534371189,29413.97513619235,4
2022-08-10 00:00:00+05:30,109584.23258248142,29413.97513619235,4
2022-08-11 00:00:00+05:30,110581.64112483982,7070.008800621075,4
2022-08-12 00:00:00+05:30,110792.50294124607,7070.008800621075,4
2022-08-16 00:00:00+05:30,110581.16028987888,7070.008800621075,4
2022-08-17 00:00:00+05:30,113769.36402523045,7070.008800621075,4
2022-08-18 00:00:00+05:30,113847.8957635117,29750.528112266584,3
2022-08-19 00:00:00+05:30,111574.96890816503,29750.528112266584,3
2022-08-22 00:00:00+05:30,109566.12698921972,29750.528112266584,3
2022-08-23 00:00:00+05:30,111284.93790230565,29750.528112266584,3
2022-08-24 00:00:00+05:30,111279.98502144628,29750.528112266584,3
2022-08-25 00:00:00+05:30,110889.99136910253,29750.528112266584,3
2022-08-26 00:00:00+05:30,111016.3856081162,1620.4296754990064,4
2022-08-29 00:00:00+05:30,109596.24657003026,1620.4296754990064,4
2022-08-30 00:00:00+05:30,112618.75047628026,1620.4296754990064,4
2022-09-01 00:00:00+05:30,113060.55919210057,1620.4296754990064,4
2022-09-02 00:00:00+05:30,113669.65745870213,1620.4296754990064,4
2022-09-05 00:00:00+05:30,114402.93577901463,1620.4296754990064,4
2022-09-06 00:00:00+05:30,114693.69298116307,1620.4296754990064,4
2022-09-07 00:00:00+05:30,115094.79075948338,1620.4296754990064,4
2022-09-08 00:00:00+05:30,115105.07042256932,1620.4296754990064,4
2022-09-09 00:00:00+05:30,115408.3271364365,1620.4296754990064,4
2022-09-12 00:00:00+05:30,115888.45704756932,28330.35902510838,3
2022-09-13 00:00:00+05:30,117788.42128096776,60255.389342491195,2
2022-09-14 00:00:00+05:30,118259.05779952244,90865.26493965916,1
2022-09-15 00:00:00+05:30,118849.95634590916,90865.26493965916,1
2022-09-16 00:00:00+05:30,118284.04423653416,90865.26493965916,1
2022-09-19 00:00:00+05:30,118602.73173653416,90865.26493965916,1
2022-09-20 00:00:00+05:30,119539.87040840916,90865.26493965916,1
2022-09-21 00:00:00+05:30,119311.95829903416,90865.26493965916,1
2022-09-22 00:00:00+05:30,119827.26884590916,90865.26493965916,1
2022-09-23 00:00:00+05:30,119361.40361153416,90865.26493965916,1
2022-09-26 00:00:00+05:30,115648.39397628026,3257.8035526962703,5
2022-09-27 00:00:00+05:30,114959.44954879003,24840.57417769627,4
2022-09-28 00:00:00+05:30,113519.79167647556,24840.57417769627,4
2022-09-29 00:00:00+05:30,113224.79259200291,24840.57417769627,4
2022-09-30 00:00:00+05:30,114590.33491988377,24840.57417769627,4
2022-10-03 00:00:00+05:30,111412.78664107517,43738.69327437595,3
2022-10-04 00:00:00+05:30,113298.92957198338,43738.69327437595,3
2022-10-06 00:00:00+05:30,113267.66733443455,43738.69327437595,3
2022-10-07 00:00:00+05:30,114565.773566124,43738.69327437595,3
2022-10-10 00:00:00+05:30,113630.3454045029,43738.69327437595,3
2022-10-11 00:00:00+05:30,111879.78417607883,8421.379635063211,4
2022-10-12 00:00:00+05:30,112866.39452764133,8421.379635063211,4
2022-10-13 00:00:00+05:30,113170.04772588352,8421.379635063211,4
2022-10-14 00:00:00+05:30,113559.6159631882,8421.379635063211,4
2022-10-17 00:00:00+05:30,113877.18481084445,8421.379635063211,4
2022-10-18 00:00:00+05:30,114666.8718225632,8421.379635063211,4
2022-10-19 00:00:00+05:30,114443.18114873508,8421.379635063211,4
2022-10-20 00:00:00+05:30,113920.50841924289,8421.379635063211,4
2022-10-21 00:00:00+05:30,113462.10412236789,8421.379635063211,4
2022-10-24 00:00:00+05:30,114111.57506963352,8421.379635063211,4
2022-10-25 00:00:00+05:30,113059.2777429734,807.7022424851093,5
2022-10-27 00:00:00+05:30,114097.94021855932,807.7022424851093,5
2022-10-28 00:00:00+05:30,114056.99783574682,807.7022424851093,5
2022-10-31 00:00:00+05:30,115232.66354619605,807.7022424851093,5
2022-11-01 00:00:00+05:30,116296.9780603562,807.7022424851093,5
2022-11-02 00:00:00+05:30,115059.6372400437,807.7022424851093,5
2022-11-03 00:00:00+05:30,114225.67776738745,807.7022424851093,5
2022-11-04 00:00:00+05:30,113883.94449102027,807.7022424851093,5
2022-11-07 00:00:00+05:30,114199.2558313523,807.7022424851093,5
2022-11-09 00:00:00+05:30,113268.51138555151,807.7022424851093,5
2022-11-10 00:00:00+05:30,111465.2912424241,29286.620926872332,3
2022-11-11 00:00:00+05:30,111405.07844640358,29286.620926872332,3
2022-11-14 00:00:00+05:30,111265.68269445046,29286.620926872332,3
2022-11-15 00:00:00+05:30,112322.13606359108,29286.620926872332,3
2022-11-16 00:00:00+05:30,111358.10481359108,29286.620926872332,3
2022-11-17 00:00:00+05:30,111598.63826085671,29286.620926872332,3
2022-11-18 00:00:00+05:30,111550.09309484108,29286.620926872332,3
2022-11-21 00:00:00+05:30,110981.36335851296,29286.620926872332,3
2022-11-22 00:00:00+05:30,111598.41902257546,29286.620926872332,3
2022-11-23 00:00:00+05:30,110998.22078038796,29286.620926872332,3
2022-11-24 00:00:00+05:30,111722.4746478196,4382.931709587181,4
2022-11-25 00:00:00+05:30,111695.77970153054,4382.931709587181,4
2022-11-28 00:00:00+05:30,110748.96982604226,4382.931709587181,4
2022-11-29 00:00:00+05:30,112065.80564147195,4382.931709587181,4
2022-11-30 00:00:00+05:30,114141.39054137429,4382.931709587181,4
2022-12-01 00:00:00+05:30,115266.67133361062,4382.931709587181,4
2022-12-02 00:00:00+05:30,115228.8076556321,4382.931709587181,4
2022-12-05 00:00:00+05:30,116916.1579669114,4382.931709587181,4
2022-12-06 00:00:00+05:30,116653.18973571023,4382.931709587181,4
2022-12-07 00:00:00+05:30,115555.13791686257,4382.931709587181,4
2022-12-08 00:00:00+05:30,115690.23913890848,28152.573230095004,3
2022-12-09 00:00:00+05:30,115327.34851390848,28152.573230095004,3
2022-12-12 00:00:00+05:30,115831.13627941141,28152.573230095004,3
2022-12-13 00:00:00+05:30,115442.8922913743,28152.573230095004,3
2022-12-14 00:00:00+05:30,116208.21782238016,28152.573230095004,3
2022-12-15 00:00:00+05:30,115652.91722423563,28152.573230095004,3
2022-12-16 00:00:00+05:30,114701.77818614969,28152.573230095004,3
2022-12-19 00:00:00+05:30,115752.81167919168,28152.573230095004,3
2022-12-20 00:00:00+05:30,115268.47085887918,28152.573230095004,3
2022-12-21 00:00:00+05:30,114530.29777843485,28152.573230095004,3
2022-12-22 00:00:00+05:30,112809.83050505839,1626.0920864792897,4
2022-12-23 00:00:00+05:30,111413.59490935526,1626.0920864792897,4
2022-12-26 00:00:00+05:30,112054.586898491,1626.0920864792897,4
2022-12-27 00:00:00+05:30,112878.63731353007,1626.0920864792897,4
2022-12-28 00:00:00+05:30,112137.86196868143,1626.0920864792897,4
2022-12-29 00:00:00+05:30,112410.08213774882,1626.0920864792897,4
2022-12-30 00:00:00+05:30,113333.77014128886,1626.0920864792897,4
2023-01-02 00:00:00+05:30,114100.27792327128,1626.0920864792897,4
2023-01-03 00:00:00+05:30,115323.41569487772,1626.0920864792897,4
2023-01-04 00:00:00+05:30,115315.00862090311,1626.0920864792897,4
2023-01-05 00:00:00+05:30,115198.24380617533,2083.5170910874476,4
2023-01-06 00:00:00+05:30,113677.0464489976,2083.5170910874476,4
2023-01-09 00:00:00+05:30,115769.40866213237,2083.5170910874476,4
2023-01-10 00:00:00+05:30,116436.6025403062,2083.5170910874476,4
2023-01-11 00:00:00+05:30,115319.24047975932,2083.5170910874476,4
2023-01-12 00:00:00+05:30,113778.19046144877,2083.5170910874476,4
2023-01-13 00:00:00+05:30,115277.68618898783,2083.5170910874476,4
2023-01-16 00:00:00+05:30,114493.66375856791,2083.5170910874476,4
2023-01-17 00:00:00+05:30,114383.17059450541,2083.5170910874476,4
2023-01-18 00:00:00+05:30,115492.48495607768,2083.5170910874476,4
2023-01-19 00:00:00+05:30,115781.31154497538,27467.086538871874,3
2023-01-20 00:00:00+05:30,115000.22803362284,27467.086538871874,3
2023-01-23 00:00:00+05:30,115198.84507616435,27467.086538871874,3
2023-01-24 00:00:00+05:30,114152.58265551005,27467.086538871874,3
2023-01-25 00:00:00+05:30,114326.69048937237,27467.086538871874,3
2023-01-27 00:00:00+05:30,113138.68458422099,27467.086538871874,3
2023-01-30 00:00:00+05:30,112551.35041674053,27467.086538871874,3
2023-01-31 00:00:00+05:30,112562.85847338114,27467.086538871874,3
2023-02-01 00:00:00+05:30,112431.31389482891,27467.086538871874,3
2023-02-02 00:00:00+05:30,111331.11462267314,53911.71949974834,2
2023-02-03 00:00:00+05:30,112046.14176011669,2311.327306991687,5
2023-02-06 00:00:00+05:30,111824.87802720653,2311.327306991687,5
2023-02-07 00:00:00+05:30,110344.65714097607,2311.327306991687,5
2023-02-08 00:00:00+05:30,111068.14560533153,2311.327306991687,5
2023-02-09 00:00:00+05:30,111043.8772337495,2311.327306991687,5
2023-02-10 00:00:00+05:30,110562.76889634716,2311.327306991687,5
2023-02-13 00:00:00+05:30,110080.94888902294,2311.327306991687,5
2023-02-14 00:00:00+05:30,111220.43210435497,2311.327306991687,5
2023-02-15 00:00:00+05:30,111841.16721177685,2311.327306991687,5
2023-02-16 00:00:00+05:30,111392.14560533153,2311.327306991687,5
2023-02-17 00:00:00+05:30,111135.08565318311,14201.93349253857,4
2023-02-20 00:00:00+05:30,111747.88802134717,14201.93349253857,4
2023-02-21 00:00:00+05:30,110649.61012828075,14201.93349253857,4
2023-02-22 00:00:00+05:30,110210.74989878858,14201.93349253857,4
2023-02-23 00:00:00+05:30,110633.2091273042,14201.93349253857,4
2023-02-24 00:00:00+05:30,110101.04854380811,14201.93349253857,4
2023-02-27 00:00:00+05:30,107945.59328257763,14201.93349253857,4
2023-02-28 00:00:00+05:30,107568.6704920503,14201.93349253857,4
2023-03-01 00:00:00+05:30,109049.0764368745,14201.93349253857,4
2023-03-02 00:00:00+05:30,108072.40407359325,14201.93349253857,4
2023-03-03 00:00:00+05:30,110118.71420838941,432.0286004792579,4
2023-03-06 00:00:00+05:30,111345.44876649488,432.0286004792579,4
2023-03-08 00:00:00+05:30,111382.88141419996,432.0286004792579,4
2023-03-09 00:00:00+05:30,109538.57901551832,432.0286004792579,4
2023-03-10 00:00:00+05:30,109384.42081239332,432.0286004792579,4
2023-03-13 00:00:00+05:30,110223.14285829176,432.0286004792579,4
2023-03-14 00:00:00+05:30,107733.86746766676,432.0286004792579,4
2023-03-15 00:00:00+05:30,108600.57269837965,432.0286004792579,4
2023-03-16 00:00:00+05:30,108614.24265077223,432.0286004792579,4
2023-03-17 00:00:00+05:30,109114.55670716871,432.0286004792579,4
2023-03-20 00:00:00+05:30,108770.21802935805,25194.8984797975,3
2023-03-21 00:00:00+05:30,108086.71366534437,25194.8984797975,3
2023-03-22 00:00:00+05:30,107345.53271136488,25194.8984797975,3
2023-03-23 00:00:00+05:30,106752.98981890883,25194.8984797975,3
2023-03-24 00:00:00+05:30,105820.26386676039,25194.8984797975,3
2023-03-27 00:00:00+05:30,105120.51861224379,25194.8984797975,3
2023-03-28 00:00:00+05:30,103423.95669207777,25194.8984797975,3
2023-03-29 00:00:00+05:30,105338.4157832643,25194.8984797975,3
2023-03-31 00:00:00+05:30,105860.90513262953,25194.8984797975,3
2023-04-03 00:00:00+05:30,104443.3903773805,25194.8984797975,3
2023-04-05 00:00:00+05:30,104685.1759736177,3908.1038300630134,5
2023-04-06 00:00:00+05:30,105164.94782420364,3908.1038300630134,5
2023-04-10 00:00:00+05:30,106164.9015595552,3908.1038300630134,5
2023-04-11 00:00:00+05:30,106918.86237498489,3908.1038300630134,5
2023-04-12 00:00:00+05:30,108278.8361298677,3908.1038300630134,5
2023-04-13 00:00:00+05:30,108458.94037791458,3908.1038300630134,5
2023-04-17 00:00:00+05:30,109374.67585154739,3908.1038300630134,5
2023-04-18 00:00:00+05:30,109308.85236521927,3908.1038300630134,5
2023-04-19 00:00:00+05:30,109484.29914256302,3908.1038300630134,5
2023-04-20 00:00:00+05:30,109285.21222850052,3908.1038300630134,5
2023-04-21 00:00:00+05:30,108122.98855302445,9157.81319902054,4
2023-04-24 00:00:00+05:30,109922.90206620804,9157.81319902054,4
2023-04-25 00:00:00+05:30,109224.57021806351,9157.81319902054,4
2023-04-26 00:00:00+05:30,109330.57461259476,9157.81319902054,4
2023-04-27 00:00:00+05:30,109474.00387284867,9157.81319902054,4
2023-04-28 00:00:00+05:30,110621.1457185518,9157.81319902054,4
2023-05-02 00:00:00+05:30,111310.83620927445,9157.81319902054,4
2023-05-03 00:00:00+05:30,111092.0295076143,9157.81319902054,4
2023-05-04 00:00:00+05:30,111482.66616532914,9157.81319902054,4
2023-05-05 00:00:00+05:30,111011.05917070023,9157.81319902054,4
2023-05-08 00:00:00+05:30,112337.24257817093,2469.885644577189,4
2023-05-09 00:00:00+05:30,112769.4252563936,2469.885644577189,4
2023-05-10 00:00:00+05:30,113632.76217045609,2469.885644577189,4
2023-05-11 00:00:00+05:30,112641.21242680374,2469.885644577189,4
2023-05-12 00:00:00+05:30,112498.48848881546,2469.885644577189,4
2023-05-15 00:00:00+05:30,113512.21553959671,2469.885644577189,4
2023-05-16 00:00:00+05:30,112724.76156010453,2469.885644577189,4
2023-05-17 00:00:00+05:30,112487.35524906937,2469.885644577189,4
2023-05-18 00:00:00+05:30,110609.10848393265,2469.885644577189,4
2023-05-19 00:00:00+05:30,111141.60372319046,2469.885644577189,4
2023-05-22 00:00:00+05:30,110864.59071019,26720.167370346244,3
2023-05-23 00:00:00+05:30,111459.34595921343,26720.167370346244,3
2023-05-24 00:00:00+05:30,111255.41468479937,26720.167370346244,3
2023-05-25 00:00:00+05:30,110993.10572483843,26720.167370346244,3
2023-05-26 00:00:00+05:30,111555.04279759234,26720.167370346244,3
2023-05-29 00:00:00+05:30,112201.60468724078,26720.167370346244,3
2023-05-30 00:00:00+05:30,112526.94678929156,26720.167370346244,3
2023-05-31 00:00:00+05:30,112747.96912815874,26720.167370346244,3
2023-06-01 00:00:00+05:30,113537.78632786578,26720.167370346244,3
2023-06-02 00:00:00+05:30,113772.86805394,26720.167370346244,3
2023-06-05 00:00:00+05:30,114483.11119737262,28203.86217393512,3
2023-06-06 00:00:00+05:30,115114.13121690387,59933.51531016559,2
2023-06-07 00:00:00+05:30,115260.31950938434,59933.51531016559,2
2023-06-08 00:00:00+05:30,114986.15471446246,59933.51531016559,2
2023-06-09 00:00:00+05:30,115819.64641368121,59933.51531016559,2
2023-06-12 00:00:00+05:30,116219.73381602496,59933.51531016559,2
2023-06-13 00:00:00+05:30,116058.01286875934,59933.51531016559,2
2023-06-14 00:00:00+05:30,115715.83659922809,59933.51531016559,2
2023-06-15 00:00:00+05:30,115459.90666758746,59933.51531016559,2
2023-06-16 00:00:00+05:30,116090.70671641559,59933.51531016559,2
2023-06-19 00:00:00+05:30,114446.96799400348,9913.903785019105,4
2023-06-20 00:00:00+05:30,114705.63132408161,9913.903785019105,4
2023-06-21 00:00:00+05:30,114012.44016197223,9913.903785019105,4
2023-06-22 00:00:00+05:30,113522.34152915973,9913.903785019105,4
2023-06-23 00:00:00+05:30,110907.78220298786,34423.709288925354,3
2023-06-26 00:00:00+05:30,111588.7429803316,34423.709288925354,3
2023-06-27 00:00:00+05:30,112230.93682798785,34423.709288925354,3
2023-06-28 00:00:00+05:30,112479.9324334566,34423.709288925354,3
2023-06-30 00:00:00+05:30,112354.3435662691,34423.709288925354,3
2023-07-03 00:00:00+05:30,112158.7166131441,34423.709288925354,3
2023-07-04 00:00:00+05:30,112400.8670132906,2449.885079696851,5
2023-07-05 00:00:00+05:30,113083.9607632906,2449.885079696851,5
2023-07-06 00:00:00+05:30,113620.46320469685,2449.885079696851,5
2023-07-07 00:00:00+05:30,113414.88874180622,2449.885079696851,5
2023-07-10 00:00:00+05:30,114175.48944981403,2449.885079696851,5
2023-07-11 00:00:00+05:30,114953.20014317341,2449.885079696851,5
2023-07-12 00:00:00+05:30,114819.25324375935,2449.885079696851,5
2023-07-13 00:00:00+05:30,114747.2625211031,2449.885079696851,5
2023-07-14 00:00:00+05:30,114599.40192539997,2449.885079696851,5
2023-07-17 00:00:00+05:30,114644.40107090778,2449.885079696851,5
2023-07-18 00:00:00+05:30,115243.97962034628,7718.044805893154,4
2023-07-19 00:00:00+05:30,115430.66773069784,7718.044805893154,4
2023-07-20 00:00:00+05:30,115196.98694456503,7718.044805893154,4
2023-07-21 00:00:00+05:30,111384.23230589315,7718.044805893154,4
2023-07-24 00:00:00+05:30,111309.5999816744,7718.044805893154,4
2023-07-25 00:00:00+05:30,111432.70703733846,7718.044805893154,4
2023-07-26 00:00:00+05:30,111261.66040647909,7718.044805893154,4
2023-07-27 00:00:00+05:30,108726.58008421346,33688.66683958456,3
2023-07-28 00:00:00+05:30,108703.64303587363,33688.66683958456,3
2023-07-31 00:00:00+05:30,108717.05673216269,33688.66683958456,3
2023-08-01 00:00:00+05:30,109348.99902494837,1896.3918472139849,5
2023-08-02 00:00:00+05:30,107686.74734648157,1896.3918472139849,5
2023-08-03 00:00:00+05:30,107722.09341581751,1896.3918472139849,5
2023-08-04 00:00:00+05:30,108077.03018339562,1896.3918472139849,5
2023-08-07 00:00:00+05:30,108475.08621366906,1896.3918472139849,5
2023-08-08 00:00:00+05:30,108994.37472685265,1896.3918472139849,5
2023-08-09 00:00:00+05:30,110491.20010527063,1896.3918472139849,5
2023-08-10 00:00:00+05:30,109970.78030546595,1896.3918472139849,5
2023-08-11 00:00:00+05:30,109017.5955215304,1896.3918472139849,5
2023-08-14 00:00:00+05:30,108646.4627090304,1896.3918472139849,5
2023-08-16 00:00:00+05:30,109603.3107139132,17255.107314255,4
2023-08-17 00:00:00+05:30,109093.6082908175,17255.107314255,4
2023-08-18 00:00:00+05:30,108824.79405131555,17255.107314255,4
2023-08-21 00:00:00+05:30,109482.58650126672,17255.107314255,4
2023-08-22 00:00:00+05:30,109766.02232279992,17255.107314255,4
2023-08-23 00:00:00+05:30,110422.55747904992,17255.107314255,4
2023-08-24 00:00:00+05:30,109694.41398539758,17255.107314255,4
2023-08-25 00:00:00+05:30,108231.72077861047,17255.107314255,4
2023-08-28 00:00:00+05:30,109204.6126243136,17255.107314255,4
2023-08-29 00:00:00+05:30,109497.78245463586,17255.107314255,4
2023-08-30 00:00:00+05:30,109657.73820002771,7341.859232742561,4
2023-08-31 00:00:00+05:30,109147.94895442225,7341.859232742561,4
2023-09-01 00:00:00+05:30,110040.065653641,7341.859232742561,4
2023-09-04 00:00:00+05:30,110365.708231766,7341.859232742561,4
2023-09-05 00:00:00+05:30,110357.19468196131,7341.859232742561,4
2023-09-06 00:00:00+05:30,110711.7209270785,7341.859232742561,4
2023-09-07 00:00:00+05:30,110945.34336360193,7341.859232742561,4
2023-09-08 00:00:00+05:30,111243.1345623324,7341.859232742561,4
2023-09-11 00:00:00+05:30,113547.87339289881,7341.859232742561,4
2023-09-12 00:00:00+05:30,112170.30417903162,7341.859232742561,4
2023-09-13 00:00:00+05:30,112448.44923770169,5020.801990387234,5
2023-09-14 00:00:00+05:30,112602.41063296536,5020.801990387234,5
2023-09-15 00:00:00+05:30,112935.69241702298,5020.801990387234,5
2023-09-18 00:00:00+05:30,113649.25960147122,5020.801990387234,5
2023-09-20 00:00:00+05:30,113208.46629702786,5020.801990387234,5
2023-09-21 00:00:00+05:30,112309.7578161929,5020.801990387234,5
2023-09-22 00:00:00+05:30,113004.36714541653,5020.801990387234,5
2023-09-25 00:00:00+05:30,113374.03003298977,5020.801990387234,5
2023-09-26 00:00:00+05:30,113293.24618899563,5020.801990387234,5
2023-09-27 00:00:00+05:30,114200.76561343411,5020.801990387234,5
2023-09-28 00:00:00+05:30,113637.17287051419,5020.801990387234,5
2023-09-29 00:00:00+05:30,114918.44905459622,5020.801990387234,5
2023-10-03 00:00:00+05:30,114124.54121768216,5020.801990387234,5
2023-10-04 00:00:00+05:30,112500.89778506497,5020.801990387234,5
2023-10-05 00:00:00+05:30,113051.02858340481,5020.801990387234,5
2023-10-06 00:00:00+05:30,113286.88661563137,5020.801990387234,5
2023-10-09 00:00:00+05:30,113162.74684512356,5020.801990387234,5
2023-10-10 00:00:00+05:30,115014.96364199856,5020.801990387234,5
2023-10-11 00:00:00+05:30,115054.38167178372,5020.801990387234,5
2023-10-12 00:00:00+05:30,115686.07384097317,5020.801990387234,5
2023-10-13 00:00:00+05:30,115559.19510354643,5881.262638946828,4
2023-10-16 00:00:00+05:30,115486.64789285307,31490.887998443897,3
2023-10-17 00:00:00+05:30,115884.65984902983,31490.887998443897,3
2023-10-18 00:00:00+05:30,114794.20477090483,31490.887998443897,3
2023-10-19 00:00:00+05:30,114688.99297891265,31490.887998443897,3
2023-10-20 00:00:00+05:30,114091.41387735015,31490.887998443897,3
2023-10-23 00:00:00+05:30,113419.27410684233,31490.887998443897,3
2023-10-25 00:00:00+05:30,112202.65093789702,31490.887998443897,3
2023-10-26 00:00:00+05:30,110338.59930215483,83496.05318814117,1
2023-10-27 00:00:00+05:30,110555.77669888336,83496.05318814117,1
2023-10-30 00:00:00+05:30,109829.37301074249,2524.396204101864,5
2023-10-31 00:00:00+05:30,110081.72432910187,2524.396204101864,5
2023-11-01 00:00:00+05:30,109140.87471972687,2524.396204101864,5
2023-11-02 00:00:00+05:30,109954.06560717804,2524.396204101864,5
2023-11-03 00:00:00+05:30,110516.53890429718,2524.396204101864,5
2023-11-06 00:00:00+05:30,111259.86193286163,2524.396204101864,5
2023-11-07 00:00:00+05:30,111256.24105273468,2524.396204101864,5
2023-11-08 00:00:00+05:30,111123.90017138702,2524.396204101864,5
2023-11-09 00:00:00+05:30,111812.54552661163,2524.396204101864,5
2023-11-10 00:00:00+05:30,111468.55800830109,2524.396204101864,5
2023-11-13 00:00:00+05:30,111408.39252572664,1728.1119165957716,5
2023-11-15 00:00:00+05:30,112792.94345956453,1728.1119165957716,5
2023-11-16 00:00:00+05:30,114280.1029596866,1728.1119165957716,5
2023-11-17 00:00:00+05:30,113677.93724923738,1728.1119165957716,5
2023-11-20 00:00:00+05:30,113921.8317499698,1728.1119165957716,5
2023-11-21 00:00:00+05:30,113257.58025460847,1728.1119165957716,5
2023-11-22 00:00:00+05:30,114675.11220651276,1728.1119165957716,5
2023-11-23 00:00:00+05:30,113808.58825021394,1728.1119165957716,5
2023-11-24 00:00:00+05:30,113605.93363290436,1728.1119165957716,5
2023-11-28 00:00:00+05:30,115831.20971017487,1728.1119165957716,5
2023-11-29 00:00:00+05:30,116163.67286169465,9367.223459839188,4
2023-11-30 00:00:00+05:30,117181.3960062259,9367.223459839188,4
2023-12-01 00:00:00+05:30,117664.55039465363,9367.223459839188,4
2023-12-04 00:00:00+05:30,120867.20496618685,62273.82109259065,2
2023-12-05 00:00:00+05:30,120963.12993048129,62273.82109259065,2
2023-12-06 00:00:00+05:30,120807.0077075809,62273.82109259065,2
2023-12-07 00:00:00+05:30,120406.02177618441,62273.82109259065,2
2023-12-08 00:00:00+05:30,120563.78941534457,62273.82109259065,2
2023-12-11 00:00:00+05:30,120900.03004644808,62273.82109259065,2
2023-12-12 00:00:00+05:30,120661.81080816683,62273.82109259065,2
2023-12-13 00:00:00+05:30,122441.44406427036,1807.3523284305084,5
2023-12-14 00:00:00+05:30,122957.81375421176,1807.3523284305084,5
2023-12-15 00:00:00+05:30,125581.15677178989,1807.3523284305084,5
2023-12-18 00:00:00+05:30,125708.65944207797,1807.3523284305084,5
2023-12-19 00:00:00+05:30,125682.23053277622,1807.3523284305084,5
2023-12-20 00:00:00+05:30,120494.74383844026,1807.3523284305084,5
2023-12-21 00:00:00+05:30,122523.20395196567,1807.3523284305084,5
2023-12-22 00:00:00+05:30,122610.28959954868,1807.3523284305084,5
2023-12-26 00:00:00+05:30,124826.60696710239,1807.3523284305084,5
2023-12-27 00:00:00+05:30,124121.01439202914,1807.3523284305084,5
2023-12-28 00:00:00+05:30,124351.25053610263,12920.01652731356,4
2023-12-29 00:00:00+05:30,124636.80296530185,12920.01652731356,4
2024-01-01 00:00:00+05:30,125323.00024618563,12920.01652731356,4
2024-01-02 00:00:00+05:30,124411.7057973331,12920.01652731356,4
2024-01-03 00:00:00+05:30,123639.56582846103,12920.01652731356,4
2024-01-04 00:00:00+05:30,124702.73524679599,12920.01652731356,4
2024-01-05 00:00:00+05:30,125508.66436972079,12920.01652731356,4
2024-01-08 00:00:00+05:30,125315.54979147372,12920.01652731356,4
2024-01-09 00:00:00+05:30,126159.34715475497,12920.01652731356,4
2024-01-10 00:00:00+05:30,125835.33807577548,40568.41845224032,3
2024-01-11 00:00:00+05:30,126762.9084215244,6321.077275284166,5
2024-01-12 00:00:00+05:30,126943.82881642185,6321.077275284166,5
2024-01-15 00:00:00+05:30,127290.80974293553,6321.077275284166,5
2024-01-16 00:00:00+05:30,128214.75711537205,6321.077275284166,5
2024-01-17 00:00:00+05:30,126850.89203358494,6321.077275284166,5
2024-01-18 00:00:00+05:30,127389.65915394627,6321.077275284166,5
2024-01-19 00:00:00+05:30,128542.21724415623,6321.077275284166,5
2024-01-23 00:00:00+05:30,127057.82724476658,6321.077275284166,5
2024-01-24 00:00:00+05:30,128413.14142323338,28507.07463612401,4
2024-01-25 00:00:00+05:30,128693.58608021581,28507.07463612401,4
2024-01-29 00:00:00+05:30,131584.8278955692,14771.321120666864,4
2024-01-30 00:00:00+05:30,131280.22315924108,14771.321120666864,4
2024-01-31 00:00:00+05:30,132179.51019232214,14771.321120666864,4
2024-02-01 00:00:00+05:30,131516.5191644901,14771.321120666864,4
2024-02-02 00:00:00+05:30,135591.43362371862,46115.59336096227,3
2024-02-05 00:00:00+05:30,135079.52393347205,46115.59336096227,3
2024-02-06 00:00:00+05:30,137105.65183264198,83346.14524340857,2
2024-02-07 00:00:00+05:30,137021.59397387732,83346.14524340857,2
2024-02-08 00:00:00+05:30,137399.00559497107,83346.14524340857,2
2024-02-09 00:00:00+05:30,136874.36301684607,83346.14524340857,2
2024-02-12 00:00:00+05:30,131534.7716027683,448.8716393894065,5
2024-02-13 00:00:00+05:30,132657.61190428198,448.8716393894065,5
2024-02-14 00:00:00+05:30,138677.56571592749,448.8716393894065,5
2024-02-15 00:00:00+05:30,143085.11796202124,448.8716393894065,5
2024-02-16 00:00:00+05:30,142810.62755979956,448.8716393894065,5
2024-02-19 00:00:00+05:30,141975.18311705053,448.8716393894065,5
2024-02-20 00:00:00+05:30,141911.23301329077,448.8716393894065,5
2024-02-21 00:00:00+05:30,139097.3148766941,448.8716393894065,5
2024-02-22 00:00:00+05:30,139090.68267454565,448.8716393894065,5
2024-02-23 00:00:00+05:30,137571.5621911472,448.8716393894065,5
2024-02-26 00:00:00+05:30,137952.70611949195,27228.454288437253,4
2024-02-27 00:00:00+05:30,136832.6523322605,27228.454288437253,4
2024-02-28 00:00:00+05:30,134611.35359568824,52210.94960849035,3
2024-02-29 00:00:00+05:30,134436.1720358585,52210.94960849035,3
2024-03-01 00:00:00+05:30,136705.18560092198,52210.94960849035,3
2024-03-04 00:00:00+05:30,138467.4806448673,52210.94960849035,3
2024-03-05 00:00:00+05:30,139590.20574252354,52210.94960849035,3
2024-03-06 00:00:00+05:30,138927.79769198643,52210.94960849035,3
2024-03-07 00:00:00+05:30,138255.52495639073,52210.94960849035,3
2024-03-11 00:00:00+05:30,137369.36040560948,52210.94960849035,3
2024-03-12 00:00:00+05:30,136175.36297949258,6076.072513183968,5
2024-03-13 00:00:00+05:30,131885.21390112344,6076.072513183968,5
2024-03-14 00:00:00+05:30,132509.3859897465,31431.21731744422,4
2024-03-15 00:00:00+05:30,130059.9496172489,56648.32835760535,3
2024-03-18 00:00:00+05:30,131476.45799627723,56648.32835760535,3
2024-03-19 00:00:00+05:30,131243.13719549598,56648.32835760535,3
2024-03-20 00:00:00+05:30,131291.72874823035,56648.32835760535,3
2024-03-21 00:00:00+05:30,132267.35472479285,56648.32835760535,3
2024-03-22 00:00:00+05:30,133408.56370916785,56648.32835760535,3
2024-03-26 00:00:00+05:30,133608.11229315223,56648.32835760535,3
2024-03-27 00:00:00+05:30,134264.00296801794,16148.53287524452,4
2024-03-28 00:00:00+05:30,135140.73325366247,16148.53287524452,4
2024-04-01 00:00:00+05:30,135911.25309008826,16148.53287524452,4
2024-04-02 00:00:00+05:30,136383.53043383826,16148.53287524452,4
2024-04-03 00:00:00+05:30,135552.95621508826,16148.53287524452,4
2024-04-04 00:00:00+05:30,135828.17221850622,16148.53287524452,4
2024-04-05 00:00:00+05:30,134967.5323259281,16148.53287524452,4
2024-04-08 00:00:00+05:30,136147.70499438513,16148.53287524452,4
2024-04-09 00:00:00+05:30,136507.0380632328,16148.53287524452,4
2024-04-10 00:00:00+05:30,136563.8180314945,16148.53287524452,4
2024-04-12 00:00:00+05:30,136047.55040570107,33340.66582318153,3
2024-04-15 00:00:00+05:30,135518.6224882206,33340.66582318153,3
2024-04-16 00:00:00+05:30,135787.83519574013,33340.66582318153,3
2024-04-18 00:00:00+05:30,135702.49089642373,33340.66582318153,3
2024-04-19 00:00:00+05:30,136816.14317913857,33340.66582318153,3
2024-04-22 00:00:00+05:30,138804.16319866982,33340.66582318153,3
2024-04-23 00:00:00+05:30,138669.6180326542,33340.66582318153,3
2024-04-24 00:00:00+05:30,140513.46562786904,33340.66582318153,3
2024-04-25 00:00:00+05:30,141647.78301068154,71608.24007000771,2
2024-04-26 00:00:00+05:30,138875.0044743046,71608.24007000771,2
2024-04-29 00:00:00+05:30,138627.95088494912,2170.2523986209926,4
2024-04-30 00:00:00+05:30,140209.22041619912,2170.2523986209926,4
2024-05-02 00:00:00+05:30,140274.40108026162,2170.2523986209926,4
2024-05-03 00:00:00+05:30,140573.9358703007,2170.2523986209926,4
2024-05-06 00:00:00+05:30,140759.86543573037,2170.2523986209926,4
2024-05-07 00:00:00+05:30,138982.79963983194,2170.2523986209926,4
2024-05-08 00:00:00+05:30,139491.418414246,2170.2523986209926,4
2024-05-09 00:00:00+05:30,137906.74910272256,2170.2523986209926,4
2024-05-10 00:00:00+05:30,138640.275836121,2170.2523986209926,4
2024-05-13 00:00:00+05:30,139844.89668573037,2170.2523986209926,4
2024-05-14 00:00:00+05:30,142020.47296453896,32258.520571960842,3
2024-05-15 00:00:00+05:30,141382.56085516396,32258.520571960842,3
2024-05-16 00:00:00+05:30,142559.83941961708,71926.4716046757,2
2024-05-17 00:00:00+05:30,142222.7294171757,71926.4716046757,2
2024-05-21 00:00:00+05:30,142281.9208234257,71926.4716046757,2
2024-05-22 00:00:00+05:30,143377.2411359257,71926.4716046757,2
2024-05-23 00:00:00+05:30,144980.1825421757,71926.4716046757,2
2024-05-24 00:00:00+05:30,145083.5419171757,71926.4716046757,2
2024-05-27 00:00:00+05:30,144982.6630109257,71926.4716046757,2
2024-05-28 00:00:00+05:30,145021.5067609257,71926.4716046757,2
2024-05-29 00:00:00+05:30,143951.85425701944,3276.4675382694477,4
2024-05-30 00:00:00+05:30,142636.61499920694,3276.4675382694477,4
2024-05-31 00:00:00+05:30,141468.9201749882,3276.4675382694477,4
2024-06-03 00:00:00+05:30,143245.94117108194,3276.4675382694477,4
2024-06-04 00:00:00+05:30,145590.73804608194,3276.4675382694477,4
2024-06-05 00:00:00+05:30,151806.9260343632,3276.4675382694477,4
2024-06-06 00:00:00+05:30,150307.86695233194,3276.4675382694477,4
2024-06-07 00:00:00+05:30,154231.18628826944,3276.4675382694477,4
2024-06-10 00:00:00+05:30,154232.9455656132,3276.4675382694477,4
2024-06-11 00:00:00+05:30,153936.20972576944,3276.4675382694477,4
2024-06-12 00:00:00+05:30,153730.98898602335,8439.30343914836,4
2024-06-13 00:00:00+05:30,155634.5675993046,8439.30343914836,4
2024-06-14 00:00:00+05:30,156659.87668133585,8439.30343914836,4
2024-06-18 00:00:00+05:30,156031.10324383585,49235.56399774211,3
2024-06-19 00:00:00+05:30,154849.4917321171,49235.56399774211,3
2024-06-20 00:00:00+05:30,154906.6401696171,49235.56399774211,3
2024-06-21 00:00:00+05:30,153658.3794274296,49235.56399774211,3
2024-06-24 00:00:00+05:30,154619.2319664921,49235.56399774211,3
2024-06-25 00:00:00+05:30,154552.2319664921,49235.56399774211,3
2024-06-26 00:00:00+05:30,156010.3950524296,49235.56399774211,3
2024-06-27 00:00:00+05:30,157986.88220819132,9085.255010925706,4
2024-06-28 00:00:00+05:30,156565.96228631632,9085.255010925706,4
2024-07-01 00:00:00+05:30,157771.87195428507,9085.255010925706,4
2024-07-02 00:00:00+05:30,157807.885992371,9085.255010925706,4
2024-07-03 00:00:00+05:30,159687.880132996,9085.255010925706,4
2024-07-04 00:00:00+05:30,158756.80420526164,9085.255010925706,4
2024-07-05 00:00:00+05:30,156921.3027404179,9085.255010925706,4
2024-07-08 00:00:00+05:30,155960.1475890507,9085.255010925706,4
2024-07-09 00:00:00+05:30,157276.16052850382,9085.255010925706,4
2024-07-10 00:00:00+05:30,154476.52014764445,9085.255010925706,4
2024-07-11 00:00:00+05:30,154126.93109692427,1540.8558100590235,5
2024-07-12 00:00:00+05:30,157097.23920239302,1540.8558100590235,5
2024-07-15 00:00:00+05:30,156594.8020075688,1540.8558100590235,5
2024-07-16 00:00:00+05:30,157865.64258374067,1540.8558100590235,5
2024-07-18 00:00:00+05:30,159201.44659985395,1540.8558100590235,5
2024-07-19 00:00:00+05:30,157736.86218823286,1540.8558100590235,5
2024-07-22 00:00:00+05:30,155763.3717402348,1540.8558100590235,5
2024-07-23 00:00:00+05:30,156030.47919262736,1540.8558100590235,5
2024-07-24 00:00:00+05:30,157062.49011792033,1540.8558100590235,5
2024-07-25 00:00:00+05:30,157056.08345593305,1540.8558100590235,5
2024-07-26 00:00:00+05:30,159644.57024064678,12444.04225602765,4
2024-07-29 00:00:00+05:30,159242.4224745335,12444.04225602765,4
2024-07-30 00:00:00+05:30,158666.2348219456,12444.04225602765,4
2024-07-31 00:00:00+05:30,160392.96281877178,12444.04225602765,4
2024-08-01 00:00:00+05:30,161201.5518080296,12444.04225602765,4
2024-08-02 00:00:00+05:30,158456.34645524638,12444.04225602765,4
2024-08-05 00:00:00+05:30,154512.50377336162,48457.23675618024,3
2024-08-06 00:00:00+05:30,151868.3585823521,48457.23675618024,3
2024-08-07 00:00:00+05:30,153673.67437825055,48457.23675618024,3
2024-08-08 00:00:00+05:30,153923.02789387555,48457.23675618024,3
2024-08-09 00:00:00+05:30,154608.73030595444,4062.7024739231783,4
2024-08-12 00:00:00+05:30,154049.17097978256,4062.7024739231783,4
2024-08-13 00:00:00+05:30,150971.66969804428,4062.7024739231783,4
2024-08-14 00:00:00+05:30,151820.69139604233,4062.7024739231783,4
2024-08-16 00:00:00+05:30,153572.2186482396,4062.7024739231783,4
2024-08-19 00:00:00+05:30,154224.93352250717,4062.7024739231783,4
2024-08-20 00:00:00+05:30,157926.8518574681,4062.7024739231783,4
2024-08-21 00:00:00+05:30,160217.59312944076,4062.7024739231783,4
2024-08-22 00:00:00+05:30,159969.86687211654,4062.7024739231783,4
2024-08-23 00:00:00+05:30,160319.03078202865,38923.352826462244,3
2024-08-26 00:00:00+05:30,160192.62376994372,11195.060232346063,4
2024-08-27 00:00:00+05:30,159592.70412272692,11195.060232346063,4
2024-08-28 00:00:00+05:30,159084.98576945544,11195.060232346063,4
2024-08-29 00:00:00+05:30,160471.48885173083,11195.060232346063,4
2024-08-30 00:00:00+05:30,160794.41252726794,11195.060232346063,4
2024-09-02 00:00:00+05:30,161557.72838420153,11195.060232346063,4
2024-09-03 00:00:00+05:30,160913.84065837145,11195.060232346063,4
2024-09-04 00:00:00+05:30,160628.60228556872,11195.060232346063,4
2024-09-05 00:00:00+05:30,160302.75044841052,47901.734783127315,3
2024-09-06 00:00:00+05:30,159612.2878226781,47901.734783127315,3
2024-09-09 00:00:00+05:30,159220.46794676257,12806.99406980945,4
2024-09-10 00:00:00+05:30,160023.40044187976,12806.99406980945,4
2024-09-11 00:00:00+05:30,161301.55095457507,12806.99406980945,4
2024-09-12 00:00:00+05:30,163815.05241941882,12806.99406980945,4
2024-09-13 00:00:00+05:30,164829.37907957507,12806.99406980945,4
2024-09-16 00:00:00+05:30,163629.26250242663,12806.99406980945,4
2024-09-17 00:00:00+05:30,164517.87480711413,12806.99406980945,4
2024-09-18 00:00:00+05:30,163109.93620848132,12806.99406980945,4
2024-09-19 00:00:00+05:30,163567.55339598132,12806.99406980945,4
2024-09-20 00:00:00+05:30,165023.64751219226,12806.99406980945,4
2024-09-23 00:00:00+05:30,167082.6060408788,44267.20886705068,3
2024-09-24 00:00:00+05:30,166653.12073228505,44267.20886705068,3
2024-09-25 00:00:00+05:30,167617.56470201162,44267.20886705068,3
2024-09-26 00:00:00+05:30,169788.55139634755,44267.20886705068,3
2024-09-27 00:00:00+05:30,169438.78442857412,44267.20886705068,3
2024-09-30 00:00:00+05:30,167774.82153794912,44267.20886705068,3
2024-10-01 00:00:00+05:30,167555.4073533788,44267.20886705068,3
2024-10-03 00:00:00+05:30,164209.75439927724,44267.20886705068,3
2024-10-04 00:00:00+05:30,161633.7237596288,44267.20886705068,3
2024-10-07 00:00:00+05:30,162338.88818833974,44267.20886705068,3
2024-10-08 00:00:00+05:30,162076.385358933,3564.1021558080174,4
2024-10-09 00:00:00+05:30,162572.18882572989,3564.1021558080174,4
2024-10-10 00:00:00+05:30,163748.5214062963,3564.1021558080174,4
2024-10-11 00:00:00+05:30,164316.707624558,3564.1021558080174,4
2024-10-14 00:00:00+05:30,164556.88889897207,3564.1021558080174,4
2024-10-15 00:00:00+05:30,163754.33579838614,3564.1021558080174,4
2024-10-16 00:00:00+05:30,162907.99973881582,3564.1021558080174,4
2024-10-17 00:00:00+05:30,160503.5458203588,3564.1021558080174,4
2024-10-18 00:00:00+05:30,162189.03794682364,3564.1021558080174,4
2024-10-21 00:00:00+05:30,161070.0953198705,3564.1021558080174,4
2024-10-22 00:00:00+05:30,158082.69542387442,5162.850086960374,4
2024-10-23 00:00:00+05:30,158051.78978422598,5162.850086960374,4
2024-10-24 00:00:00+05:30,156180.46922758536,5162.850086960374,4
2024-10-25 00:00:00+05:30,155049.77324369864,42185.26662413078,3
2024-10-28 00:00:00+05:30,155362.88942686515,42185.26662413078,3
2024-10-29 00:00:00+05:30,156502.79274717765,42185.26662413078,3
2024-10-30 00:00:00+05:30,155856.88674131827,42185.26662413078,3
2024-10-31 00:00:00+05:30,154058.73500791984,42185.26662413078,3
2024-11-01 00:00:00+05:30,154215.0785137792,42185.26662413078,3
2024-11-04 00:00:00+05:30,154331.37758604484,42185.26662413078,3
2024-11-05 00:00:00+05:30,156001.25203935296,4347.160181442814,4
2024-11-06 00:00:00+05:30,157191.94301835686,4347.160181442814,4
2024-11-07 00:00:00+05:30,156944.9336189428,4347.160181442814,4
2024-11-08 00:00:00+05:30,155569.9959968725,4347.160181442814,4
2024-11-11 00:00:00+05:30,155807.77627031,4347.160181442814,4
2024-11-12 00:00:00+05:30,152802.61654130608,4347.160181442814,4
2024-11-13 00:00:00+05:30,149727.68001786858,4347.160181442814,4
2024-11-14 00:00:00+05:30,151988.99056474358,4347.160181442814,4
2024-11-18 00:00:00+05:30,152762.1656135717,4347.160181442814,4
2024-11-19 00:00:00+05:30,154579.05898515374,4347.160181442814,4
2024-11-21 00:00:00+05:30,153453.08127821406,37838.93424452266,3
2024-11-22 00:00:00+05:30,155370.08725965937,37838.93424452266,3
2024-11-25 00:00:00+05:30,157130.38984144648,37838.93424452266,3
2024-11-26 00:00:00+05:30,157022.04603041132,37838.93424452266,3
2024-11-27 00:00:00+05:30,157085.43219984492,37838.93424452266,3
2024-11-28 00:00:00+05:30,155119.59134901484,37838.93424452266,3
2024-11-29 00:00:00+05:30,155700.1432899328,37838.93424452266,3
2024-12-02 00:00:00+05:30,156265.2459815832,37838.93424452266,3
2024-12-03 00:00:00+05:30,156846.79072035273,37838.93424452266,3
2024-12-04 00:00:00+05:30,157548.60587538203,37838.93424452266,3
2024-12-05 00:00:00+05:30,159299.16576942502,37026.663511124236,3
2024-12-06 00:00:00+05:30,158646.172788468,37026.663511124236,3
2024-12-09 00:00:00+05:30,159900.1196268469,37026.663511124236,3
2024-12-10 00:00:00+05:30,160282.16540321408,37026.663511124236,3
2024-12-11 00:00:00+05:30,160249.4121683508,37026.663511124236,3
2024-12-12 00:00:00+05:30,160421.38604530392,37026.663511124236,3
2024-12-13 00:00:00+05:30,160984.5353678137,37026.663511124236,3
2024-12-16 00:00:00+05:30,160214.99960121213,37026.663511124236,3
2024-12-17 00:00:00+05:30,158686.84020790158,37026.663511124236,3
2024-12-18 00:00:00+05:30,158872.26934608517,37026.663511124236,3
2024-12-19 00:00:00+05:30,158076.23294862427,5504.832374893791,4
2024-12-20 00:00:00+05:30,155595.76648744263,5504.832374893791,4
2024-12-23 00:00:00+05:30,156224.72629579224,5504.832374893791,4
2024-12-24 00:00:00+05:30,155196.0731585852,5504.832374893791,4
2024-12-26 00:00:00+05:30,155444.19052919067,5504.832374893791,4
2024-12-27 00:00:00+05:30,155950.18320497192,5504.832374893791,4
2024-12-30 00:00:00+05:30,154982.08679994263,5504.832374893791,4
2025-01-01 00:00:00+05:30,154800.27961000122,5504.832374893791,4
2025-01-02 00:00:00+05:30,158072.42911561645,5504.832374893791,4
2025-01-03 00:00:00+05:30,155760.30484803833,5504.832374893791,4
2025-01-06 00:00:00+05:30,153764.970496659,15280.385291580853,5
2025-01-07 00:00:00+05:30,153412.44364119024,15280.385291580853,5
2025-01-08 00:00:00+05:30,153783.847449784,15280.385291580853,5
2025-01-09 00:00:00+05:30,153561.98746443243,15280.385291580853,5
2025-01-10 00:00:00+05:30,152294.15958357305,15280.385291580853,5
2025-01-13 00:00:00+05:30,149594.81888533087,15280.385291580853,5
2025-01-14 00:00:00+05:30,151793.34830427618,15280.385291580853,5
2025-01-15 00:00:00+05:30,150996.22977400274,41683.86602546757,4
2025-01-16 00:00:00+05:30,150645.03631355352,41683.86602546757,4
2025-01-17 00:00:00+05:30,150384.38360359258,41683.86602546757,4
2025-01-20 00:00:00+05:30,149456.46590583868,27154.826745682432,4
2025-01-21 00:00:00+05:30,147661.59188240118,27154.826745682432,4
2025-01-22 00:00:00+05:30,147726.67635505743,27154.826745682432,4
2025-01-23 00:00:00+05:30,147917.82967536993,27154.826745682432,4
2025-01-24 00:00:00+05:30,147063.61483161993,27154.826745682432,4
2025-01-27 00:00:00+05:30,145621.85823982305,61241.36429060431,3
2025-01-28 00:00:00+05:30,145356.80935896368,61241.36429060431,3
2025-01-29 00:00:00+05:30,145832.8017906043,61241.36429060431,3
2025-01-30 00:00:00+05:30,146532.1640952918,61241.36429060431,3
2025-01-31 00:00:00+05:30,148121.89505232306,61241.36429060431,3
2025-02-01 00:00:00+05:30,148208.02387464972,6125.316965470043,5
2025-02-03 00:00:00+05:30,149723.52149427863,6125.316965470043,5
2025-02-04 00:00:00+05:30,150208.11689222784,6125.316965470043,5
2025-02-05 00:00:00+05:30,149045.0125831458,6125.316965470043,5
2025-02-06 00:00:00+05:30,149174.1180518958,6125.316965470043,5
2025-02-07 00:00:00+05:30,149017.357187638,6125.316965470043,5
2025-02-10 00:00:00+05:30,149029.72083509894,6125.316965470043,5
2025-02-11 00:00:00+05:30,147127.16407240363,6125.316965470043,5
2025-02-12 00:00:00+05:30,147375.17963636847,6125.316965470043,5
2025-02-13 00:00:00+05:30,148014.14991224738,6125.316965470043,5
2025-02-14 00:00:00+05:30,147356.43611268685,21385.98249940559,4
2025-02-17 00:00:00+05:30,148187.92927674935,21385.98249940559,4
2025-02-18 00:00:00+05:30,149225.01008729622,21385.98249940559,4
2025-02-19 00:00:00+05:30,149264.05159120247,21385.98249940559,4
2025-02-20 00:00:00+05:30,148942.87965516731,21385.98249940559,4
2025-02-21 00:00:00+05:30,147978.24647645638,21385.98249940559,4
2025-02-24 00:00:00+05:30,146525.37049989388,21385.98249940559,4
2025-02-25 00:00:00+05:30,147028.25056581185,21385.98249940559,4
2025-02-27 00:00:00+05:30,148840.4664471595,21385.98249940559,4
2025-02-28 00:00:00+05:30,144876.5855877845,47500.07566444465,3
2025-03-03 00:00:00+05:30,144269.29996394418,4502.920752518396,4
2025-03-04 00:00:00+05:30,143248.48026179575,4502.920752518396,4
2025-03-05 00:00:00+05:30,143751.37882136606,4502.920752518396,4
2025-03-06 00:00:00+05:30,147116.07907771372,4502.920752518396,4
2025-03-07 00:00:00+05:30,147745.74588679575,4502.920752518396,4
2025-03-10 00:00:00+05:30,147231.41983699106,4502.920752518396,4
2025-03-11 00:00:00+05:30,146527.46506404184,4502.920752518396,4
2025-03-12 00:00:00+05:30,146513.55710505747,4502.920752518396,4
2025-03-13 00:00:00+05:30,145295.71842097543,4502.920752518396,4
2025-03-17 00:00:00+05:30,148196.82334040903,4502.920752518396,4
2025-03-18 00:00:00+05:30,148017.93793557808,35785.91201089547,3
2025-03-19 00:00:00+05:30,151747.30111001656,35785.91201089547,3
2025-03-20 00:00:00+05:30,152322.98662637398,35785.91201089547,3
2025-03-21 00:00:00+05:30,152353.80823587105,35785.91201089547,3
2025-03-24 00:00:00+05:30,154714.43323587105,35785.91201089547,3
2025-03-25 00:00:00+05:30,153847.706749665,35785.91201089547,3
2025-03-26 00:00:00+05:30,152138.39347146676,35785.91201089547,3
2025-03-27 00:00:00+05:30,152824.75844644234,35785.91201089547,3
2025-03-28 00:00:00+05:30,151582.68242715523,35785.91201089547,3
2025-04-01 00:00:00+05:30,149647.73406289742,35785.91201089547,3
2025-04-02 00:00:00+05:30,149482.34011346503,1776.4983776252047,5
2025-04-03 00:00:00+05:30,150940.7683056037,1776.4983776252047,5
2025-04-04 00:00:00+05:30,148882.30855828925,1776.4983776252047,5
2025-04-07 00:00:00+05:30,145182.7600658576,1776.4983776252047,5
2025-04-08 00:00:00+05:30,148803.1805675666,1776.4983776252047,5
2025-04-09 00:00:00+05:30,149224.2218578498,1776.4983776252047,5
2025-04-11 00:00:00+05:30,151974.44643670722,1776.4983776252047,5
2025-04-15 00:00:00+05:30,153941.41527825996,1776.4983776252047,5
2025-04-16 00:00:00+05:30,155050.28945428535,1776.4983776252047,5
2025-04-17 00:00:00+05:30,156254.67138177558,1776.4983776252047,5
2025-04-21 00:00:00+05:30,158250.1180744026,10230.446687683834,4
2025-04-22 00:00:00+05:30,155165.2056598518,10230.446687683834,4
2025-04-23 00:00:00+05:30,157074.51938055494,10230.446687683834,4
2025-04-24 00:00:00+05:30,156986.69027899244,10230.446687683834,4
2025-04-25 00:00:00+05:30,155454.550264344,10230.446687683834,4
2025-04-28 00:00:00+05:30,156215.1815204475,10230.446687683834,4
2025-04-29 00:00:00+05:30,156267.0578021858,10230.446687683834,4
2025-04-30 00:00:00+05:30,157403.72665594556,10230.446687683834,4
2025-05-02 00:00:00+05:30,156560.81372259595,10230.446687683834,4
2025-05-05 00:00:00+05:30,157367.47976873853,10230.446687683834,4
2025-05-06 00:00:00+05:30,156297.27367340162,37850.04180084303,3
2025-05-07 00:00:00+05:30,157561.59300933912,37850.04180084303,3
2025-05-08 00:00:00+05:30,155952.0059732063,37850.04180084303,3
2025-05-09 00:00:00+05:30,154099.45677887037,37850.04180084303,3
2025-05-12 00:00:00+05:30,155835.61321197584,37850.04180084303,3
2025-05-13 00:00:00+05:30,154482.48918853834,37850.04180084303,3
2025-05-14 00:00:00+05:30,155727.80400787428,37850.04180084303,3
2025-05-15 00:00:00+05:30,157227.01494537428,37850.04180084303,3
2025-05-16 00:00:00+05:30,157134.75646148756,37850.04180084303,3
2025-05-19 00:00:00+05:30,156962.76976715162,37850.04180084303,3
2025-05-20 00:00:00+05:30,154871.1482794197,38180.36873840406,3
2025-05-21 00:00:00+05:30,156189.93282531813,38180.36873840406,3
2025-05-22 00:00:00+05:30,153800.5115606697,38180.36873840406,3
2025-05-23 00:00:00+05:30,154286.7841436775,38180.36873840406,3
2025-05-26 00:00:00+05:30,156250.87447570876,38180.36873840406,3
2025-05-27 00:00:00+05:30,154836.97786926344,38180.36873840406,3
2025-05-28 00:00:00+05:30,154078.56698059157,38180.36873840406,3
2025-05-29 00:00:00+05:30,155054.67598938063,38180.36873840406,3
2025-05-30 00:00:00+05:30,153733.5994512947,38180.36873840406,3
2025-06-02 00:00:00+05:30,153334.97274231032,38180.36873840406,3
2025-06-03 00:00:00+05:30,151392.34400396803,2374.9659216926448,4
2025-06-04 00:00:00+05:30,152119.9769995735,2374.9659216926448,4
2025-06-05 00:00:00+05:30,152814.91523199537,2374.9659216926448,4
2025-06-06 00:00:00+05:30,154153.44697027662,2374.9659216926448,4
2025-06-09 00:00:00+05:30,154585.803568177,2374.9659216926448,4
2025-06-10 00:00:00+05:30,155145.01975470045,2374.9659216926448,4
2025-06-11 00:00:00+05:30,155148.49308233717,2374.9659216926448,4
2025-06-12 00:00:00+05:30,152062.60474615553,2374.9659216926448,4
2025-06-13 00:00:00+05:30,150653.64548712232,2374.9659216926448,4
2025-06-16 00:00:00+05:30,150082.48566656568,2374.9659216926448,4
2025-06-17 00:00:00+05:30,149577.56596286088,2544.833907196822,5
2025-06-18 00:00:00+05:30,150449.19084079057,2544.833907196822,5
2025-06-19 00:00:00+05:30,149494.30277926713,2544.833907196822,5
2025-06-20 00:00:00+05:30,150309.26859957963,2544.833907196822,5
2025-06-23 00:00:00+05:30,148562.86283786088,2544.833907196822,5
2025-06-24 00:00:00+05:30,148382.19950778276,2544.833907196822,5
2025-06-25 00:00:00+05:30,149918.14677340776,2544.833907196822,5
2025-06-26 00:00:00+05:30,149581.78617770463,2544.833907196822,5
2025-06-27 00:00:00+05:30,149474.44193942338,2544.833907196822,5
2025-06-30 00:00:00+05:30,149806.42680270463,2544.833907196822,5
2025-07-01 00:00:00+05:30,149599.13183224568,9899.111202362852,4
2025-07-02 00:00:00+05:30,150190.67870724568,9899.111202362852,4
2025-07-03 00:00:00+05:30,149136.9299279488,9899.111202362852,4
2025-07-04 00:00:00+05:30,149541.09240353474,9899.111202362852,4
2025-07-07 00:00:00+05:30,148534.65758908162,9899.111202362852,4
2025-07-08 00:00:00+05:30,148863.72631466755,9899.111202362852,4
2025-07-09 00:00:00+05:30,147387.92443478474,9899.111202362852,4
2025-07-10 00:00:00+05:30,145901.60692990193,9899.111202362852,4
2025-07-11 00:00:00+05:30,144794.89196408162,9899.111202362852,4
2025-07-14 00:00:00+05:30,144364.23498165974,9899.111202362852,4
2025-07-15 00:00:00+05:30,144428.38545633014,5221.421924836017,5
2025-07-16 00:00:00+05:30,144467.68831277546,5221.421924836017,5
2025-07-17 00:00:00+05:30,144274.88502908405,5221.421924836017,5
2025-07-18 00:00:00+05:30,143541.74495340046,5221.421924836017,5
2025-07-21 00:00:00+05:30,142824.93147683796,5221.421924836017,5
2025-07-22 00:00:00+05:30,142455.99464822467,5221.421924836017,5
2025-07-23 00:00:00+05:30,142374.43135476764,5221.421924836017,5
2025-07-24 00:00:00+05:30,141494.18874002155,5221.421924836017,5
2025-07-25 00:00:00+05:30,140326.20216775592,5221.421924836017,5
2025-07-28 00:00:00+05:30,141502.8253977364,5221.421924836017,5
2025-07-29 00:00:00+05:30,141275.8416119393,17230.876829224457,4
2025-07-30 00:00:00+05:30,140893.21056945884,17230.876829224457,4
2025-07-31 00:00:00+05:30,142071.58691223228,17230.876829224457,4
2025-08-01 00:00:00+05:30,141360.0599346932,17230.876829224457,4
2025-08-04 00:00:00+05:30,141070.44006164634,17230.876829224457,4
2025-08-05 00:00:00+05:30,139933.50286682212,17230.876829224457,4
2025-08-06 00:00:00+05:30,139048.4437237557,17230.876829224457,4
2025-08-07 00:00:00+05:30,139044.62725647056,17230.876829224457,4
2025-08-08 00:00:00+05:30,138074.65307434165,17230.876829224457,4
2025-08-11 00:00:00+05:30,138880.4255963143,17230.876829224457,4
2025-08-12 00:00:00+05:30,138750.71776825038,12573.216547547243,5
2025-08-13 00:00:00+05:30,139792.415278016,12573.216547547243,5
2025-08-14 00:00:00+05:30,139947.61522918788,12573.216547547243,5
2025-08-18 00:00:00+05:30,142958.61693817226,12573.216547547243,5
2025-08-19 00:00:00+05:30,143210.1154733285,12573.216547547243,5
2025-08-20 00:00:00+05:30,143387.71874481288,12573.216547547243,5
2025-08-21 00:00:00+05:30,143048.31908660976,12573.216547547243,5
2025-08-22 00:00:00+05:30,142253.81688934413,12573.216547547243,5
2025-08-25 00:00:00+05:30,142621.51537567226,12573.216547547243,5
2025-08-26 00:00:00+05:30,141982.61620575038,12573.216547547243,5
2025-08-27 00:00:00+05:30,141839.45350482262,26729.15223529139,4
2025-08-28 00:00:00+05:30,141340.85096576012,26729.15223529139,4
2025-08-29 00:00:00+05:30,141195.052870057,26729.15223529139,4
2025-09-01 00:00:00+05:30,142967.65223529137,26729.15223529139,4
2025-09-02 00:00:00+05:30,143701.65223529137,26729.15223529139,4
2025-09-03 00:00:00+05:30,144058.25160052575,26729.15223529139,4
2025-09-04 00:00:00+05:30,143631.95350482262,26729.15223529139,4
2025-09-05 00:00:00+05:30,144328.85096576012,53024.83023529139,3
2025-09-08 00:00:00+05:30,145952.02896576014,53024.83023529139,3
2025-09-09 00:00:00+05:30,146249.8302352914,53024.83023529139,3
2025-09-10 00:00:00+05:30,144199.74371649258,19629.64459539883,4
2025-09-11 00:00:00+05:30,143311.4441559457,19629.64459539883,4
2025-09-12 00:00:00+05:30,143962.24371649258,19629.64459539883,4
2025-09-15 00:00:00+05:30,143012.34503485195,19629.64459539883,4
2025-09-16 00:00:00+05:30,145102.64459539883,19629.64459539883,4
2025-09-17 00:00:00+05:30,145634.9441559457,19629.64459539883,4
2025-09-18 00:00:00+05:30,145890.9441559457,19629.64459539883,4
2025-09-19 00:00:00+05:30,145468.54547430508,19629.64459539883,4
2025-09-22 00:00:00+05:30,145418.34503485195,19629.64459539883,4
2025-09-23 00:00:00+05:30,146261.04547430508,19629.64459539883,4
2025-09-24 00:00:00+05:30,145447.1407797403,3859.729372269576,4
2025-09-25 00:00:00+05:30,144101.35913301178,3859.729372269576,4
2025-09-26 00:00:00+05:30,141962.72659516998,3859.729372269576,4
2025-10-01 00:00:00+05:30,142586.43800569244,3859.729372269576,4
