Date,Capital,Position,Position Value,Total Value
2022-01-03 00:00:00+05:30,100000.0,,0.0,100000.0
2022-01-04 00:00:00+05:30,100000.0,,0.0,100000.0
2022-01-05 00:00:00+05:30,100000.0,,0.0,100000.0
2022-01-06 00:00:00+05:30,100000.0,,0.0,100000.0
2022-01-07 00:00:00+05:30,100000.0,,0.0,100000.0
2022-01-10 00:00:00+05:30,100000.0,,0.0,100000.0
2022-01-11 00:00:00+05:30,100000.0,,0.0,100000.0
2022-01-12 00:00:00+05:30,100000.0,,0.0,100000.0
2022-01-13 00:00:00+05:30,100000.0,,0.0,100000.0
2022-01-14 00:00:00+05:30,100000.0,,0.0,100000.0
2022-01-17 00:00:00+05:30,100000.0,,0.0,100000.0
2022-01-18 00:00:00+05:30,100000.0,,0.0,100000.0
2022-01-19 00:00:00+05:30,100000.0,,0.0,100000.0
2022-01-20 00:00:00+05:30,2305.8733567760646,,0.0,2305.8733567760646
2022-01-21 00:00:00+05:30,2305.8733567760646,APOLLOHOSP.NS,102081.6650390625,102081.6650390625
2022-01-24 00:00:00+05:30,2305.8733567760646,APOLLOHOSP.NS,97871.4580078125,97871.4580078125
2022-01-25 00:00:00+05:30,2305.8733567760646,APOLLOHOSP.NS,97607.08203125,97607.08203125
2022-01-27 00:00:00+05:30,94570.84541444006,,0.0,94570.84541444006
2022-01-28 00:00:00+05:30,1788.0277644903836,,0.0,1788.0277644903836
2022-01-31 00:00:00+05:30,1788.0277644903836,ASIANPAINT.NS,94255.42431640625,94255.42431640625
2022-02-01 00:00:00+05:30,1788.0277644903836,ASIANPAINT.NS,95571.07763671875,95571.07763671875
2022-02-02 00:00:00+05:30,1788.0277644903836,ASIANPAINT.NS,95614.4443359375,95614.4443359375
2022-02-03 00:00:00+05:30,1788.0277644903836,ASIANPAINT.NS,95772.90307617188,95772.90307617188
2022-02-04 00:00:00+05:30,1788.0277644903836,ASIANPAINT.NS,96779.07861328125,96779.07861328125
2022-02-07 00:00:00+05:30,1788.0277644903836,ASIANPAINT.NS,94926.72265625,94926.72265625
2022-02-08 00:00:00+05:30,1788.0277644903836,ASIANPAINT.NS,96172.09619140625,96172.09619140625
2022-02-09 00:00:00+05:30,1788.0277644903836,ASIANPAINT.NS,96530.90454101562,96530.90454101562
2022-02-10 00:00:00+05:30,1788.0277644903836,ASIANPAINT.NS,96841.880859375,96841.880859375
2022-02-11 00:00:00+05:30,1788.0277644903836,ASIANPAINT.NS,96170.59008789062,96170.59008789062
2022-02-14 00:00:00+05:30,1788.0277644903836,ASIANPAINT.NS,93992.302734375,93992.302734375
2022-02-15 00:00:00+05:30,1788.0277644903836,ASIANPAINT.NS,97614.81469726562,97614.81469726562
2022-02-16 00:00:00+05:30,1788.0277644903836,ASIANPAINT.NS,97263.49145507812,97263.49145507812
2022-02-17 00:00:00+05:30,1788.0277644903836,ASIANPAINT.NS,97652.19482421875,97652.19482421875
2022-02-18 00:00:00+05:30,1788.0277644903836,ASIANPAINT.NS,97430.92626953125,97430.92626953125
2022-02-21 00:00:00+05:30,1788.0277644903836,ASIANPAINT.NS,97227.60229492188,97227.60229492188
2022-02-22 00:00:00+05:30,1788.0277644903836,ASIANPAINT.NS,96495.01538085938,96495.01538085938
2022-02-23 00:00:00+05:30,1788.0277644903836,ASIANPAINT.NS,96795.51708984375,96795.51708984375
2022-02-24 00:00:00+05:30,1788.0277644903836,ASIANPAINT.NS,91767.66674804688,91767.66674804688
2022-02-25 00:00:00+05:30,1788.0277644903836,ASIANPAINT.NS,93267.20849609375,93267.20849609375
2022-02-28 00:00:00+05:30,1788.0277644903836,ASIANPAINT.NS,94925.22412109375,94925.22412109375
2022-03-02 00:00:00+05:30,1788.0277644903836,ASIANPAINT.NS,90568.63427734375,90568.63427734375
2022-03-03 00:00:00+05:30,89816.55096968077,,0.0,89816.55096968077
2022-03-04 00:00:00+05:30,15.154695440578507,,0.0,15.154695440578507
2022-03-07 00:00:00+05:30,86930.44563535273,,0.0,86930.44563535273
2022-03-08 00:00:00+05:30,736.578204447258,,0.0,736.578204447258
2022-03-09 00:00:00+05:30,736.578204447258,BAJAJ-AUTO.NS,90626.11083984375,90626.11083984375
2022-03-10 00:00:00+05:30,736.578204447258,BAJAJ-AUTO.NS,92888.37158203125,92888.37158203125
2022-03-11 00:00:00+05:30,736.578204447258,BAJAJ-AUTO.NS,92906.00830078125,92906.00830078125
2022-03-14 00:00:00+05:30,93528.14496069409,,0.0,93528.14496069409
2022-03-15 00:00:00+05:30,645.8542706016015,,0.0,645.8542706016015
2022-03-16 00:00:00+05:30,645.8542706016015,BRITANNIA.NS,96735.78002929688,96735.78002929688
2022-03-17 00:00:00+05:30,645.8542706016015,BRITANNIA.NS,97970.66381835938,97970.66381835938
2022-03-21 00:00:00+05:30,645.8542706016015,BRITANNIA.NS,94514.1865234375,94514.1865234375
2022-03-22 00:00:00+05:30,645.8542706016015,BRITANNIA.NS,92203.55883789062,92203.55883789062
2022-03-23 00:00:00+05:30,645.8542706016015,BRITANNIA.NS,90564.36572265625,90564.36572265625
2022-03-24 00:00:00+05:30,645.8542706016015,BRITANNIA.NS,90611.07763671875,90611.07763671875
2022-03-25 00:00:00+05:30,645.8542706016015,BRITANNIA.NS,90338.10961914062,90338.10961914062
2022-03-28 00:00:00+05:30,645.8542706016015,BRITANNIA.NS,90346.87377929688,90346.87377929688
2022-03-29 00:00:00+05:30,645.8542706016015,BRITANNIA.NS,90609.61694335938,90609.61694335938
2022-03-30 00:00:00+05:30,645.8542706016015,BRITANNIA.NS,91911.62451171875,91911.62451171875
2022-03-31 00:00:00+05:30,645.8542706016015,BRITANNIA.NS,93604.81787109375,93604.81787109375
2022-04-01 00:00:00+05:30,645.8542706016015,BRITANNIA.NS,94312.76220703125,94312.76220703125
2022-04-04 00:00:00+05:30,645.8542706016015,BRITANNIA.NS,95461.51049804688,95461.51049804688
2022-04-05 00:00:00+05:30,645.8542706016015,BRITANNIA.NS,96436.55737304688,96436.55737304688
2022-04-06 00:00:00+05:30,645.8542706016015,BRITANNIA.NS,95826.4189453125,95826.4189453125
2022-04-07 00:00:00+05:30,645.8542706016015,BRITANNIA.NS,96165.07275390625,96165.07275390625
2022-04-08 00:00:00+05:30,645.8542706016015,BRITANNIA.NS,97735.6435546875,97735.6435546875
2022-04-11 00:00:00+05:30,645.8542706016015,BRITANNIA.NS,97815.93627929688,97815.93627929688
2022-04-12 00:00:00+05:30,645.8542706016015,BRITANNIA.NS,97624.72924804688,97624.72924804688
2022-04-13 00:00:00+05:30,645.8542706016015,BRITANNIA.NS,97786.7451171875,97786.7451171875
2022-04-18 00:00:00+05:30,645.8542706016015,BRITANNIA.NS,97618.87890625,97618.87890625
2022-04-19 00:00:00+05:30,645.8542706016015,BRITANNIA.NS,95400.19921875,95400.19921875
2022-04-20 00:00:00+05:30,645.8542706016015,BRITANNIA.NS,96459.91333007812,96459.91333007812
2022-04-21 00:00:00+05:30,645.8542706016015,BRITANNIA.NS,98085.9677734375,98085.9677734375
2022-04-22 00:00:00+05:30,645.8542706016015,BRITANNIA.NS,98208.58276367188,98208.58276367188
2022-04-25 00:00:00+05:30,645.8542706016015,BRITANNIA.NS,96217.60473632812,96217.60473632812
2022-04-26 00:00:00+05:30,645.8542706016015,BRITANNIA.NS,98459.64038085938,98459.64038085938
2022-04-27 00:00:00+05:30,645.8542706016015,BRITANNIA.NS,97453.94165039062,97453.94165039062
2022-04-28 00:00:00+05:30,645.8542706016015,BRITANNIA.NS,98027.58544921875,98027.58544921875
2022-04-29 00:00:00+05:30,645.8542706016015,BRITANNIA.NS,95731.54956054688,95731.54956054688
2022-05-02 00:00:00+05:30,645.8542706016015,BRITANNIA.NS,95499.4658203125,95499.4658203125
2022-05-04 00:00:00+05:30,645.8542706016015,BRITANNIA.NS,98831.85986328125,98831.85986328125
2022-05-05 00:00:00+05:30,645.8542706016015,BRITANNIA.NS,95665.85620117188,95665.85620117188
2022-05-06 00:00:00+05:30,645.8542706016015,BRITANNIA.NS,96565.01513671875,96565.01513671875
2022-05-09 00:00:00+05:30,645.8542706016015,BRITANNIA.NS,94937.49243164062,94937.49243164062
2022-05-10 00:00:00+05:30,645.8542706016015,BRITANNIA.NS,94776.9296875,94776.9296875
2022-05-11 00:00:00+05:30,645.8542706016015,BRITANNIA.NS,95165.19409179688,95165.19409179688
2022-05-12 00:00:00+05:30,645.8542706016015,BRITANNIA.NS,93909.8984375,93909.8984375
2022-05-13 00:00:00+05:30,645.8542706016015,BRITANNIA.NS,95709.64672851562,95709.64672851562
2022-05-16 00:00:00+05:30,645.8542706016015,BRITANNIA.NS,95896.47924804688,95896.47924804688
2022-05-17 00:00:00+05:30,645.8542706016015,BRITANNIA.NS,98347.25024414062,98347.25024414062
2022-05-18 00:00:00+05:30,645.8542706016015,BRITANNIA.NS,99091.67407226562,99091.67407226562
2022-05-19 00:00:00+05:30,645.8542706016015,BRITANNIA.NS,97272.9443359375,97272.9443359375
2022-05-20 00:00:00+05:30,100529.95786629233,,0.0,100529.95786629233
2022-05-23 00:00:00+05:30,147.19405065345927,,0.0,147.19405065345927
2022-05-24 00:00:00+05:30,147.19405065345927,DABUR.NS,100014.28500366211,100014.28500366211
2022-05-25 00:00:00+05:30,147.19405065345927,DABUR.NS,98480.66693115234,98480.66693115234
2022-05-26 00:00:00+05:30,147.19405065345927,DABUR.NS,99157.8515625,99157.8515625
2022-05-27 00:00:00+05:30,147.19405065345927,DABUR.NS,99127.9778137207,99127.9778137207
2022-05-30 00:00:00+05:30,147.19405065345927,DABUR.NS,101597.72003173827,101597.72003173827
2022-05-31 00:00:00+05:30,147.19405065345927,DABUR.NS,103370.3344116211,103370.3344116211
2022-06-01 00:00:00+05:30,147.19405065345927,DABUR.NS,103081.54010009766,103081.54010009766
2022-06-02 00:00:00+05:30,147.19405065345927,DABUR.NS,103908.11242675781,103908.11242675781
2022-06-03 00:00:00+05:30,147.19405065345927,DABUR.NS,102364.52590942383,102364.52590942383
2022-06-06 00:00:00+05:30,147.19405065345927,DABUR.NS,101298.95727539062,101298.95727539062
2022-06-07 00:00:00+05:30,147.19405065345927,DABUR.NS,99835.02987670898,99835.02987670898
2022-06-08 00:00:00+05:30,147.19405065345927,DABUR.NS,98550.37023925781,98550.37023925781
2022-06-09 00:00:00+05:30,147.19405065345927,DABUR.NS,99118.01568603516,99118.01568603516
2022-06-10 00:00:00+05:30,147.19405065345927,DABUR.NS,100034.21557617188,100034.21557617188
2022-06-13 00:00:00+05:30,147.19405065345927,DABUR.NS,99147.89575195312,99147.89575195312
2022-06-14 00:00:00+05:30,147.19405065345927,DABUR.NS,98719.6821899414,98719.6821899414
2022-06-15 00:00:00+05:30,147.19405065345927,DABUR.NS,98849.1266784668,98849.1266784668
2022-06-16 00:00:00+05:30,147.19405065345927,DABUR.NS,98988.57119750977,98988.57119750977
2022-06-17 00:00:00+05:30,97173.52685645288,,0.0,97173.52685645288
2022-06-20 00:00:00+05:30,2392.8180442650046,,0.0,2392.8180442650046
2022-06-21 00:00:00+05:30,2392.8180442650046,EICHERMOT.NS,98530.09423828125,98530.09423828125
2022-06-22 00:00:00+05:30,2392.8180442650046,EICHERMOT.NS,97070.08154296875,97070.08154296875
2022-06-23 00:00:00+05:30,102570.41763347297,,0.0,102570.41763347297
2022-06-24 00:00:00+05:30,199.49248585876194,,0.0,199.49248585876194
2022-06-27 00:00:00+05:30,199.49248585876194,HCLTECH.NS,105820.59283447266,105820.59283447266
2022-06-28 00:00:00+05:30,199.49248585876194,HCLTECH.NS,106844.3071899414,106844.3071899414
2022-06-29 00:00:00+05:30,199.49248585876194,HCLTECH.NS,105308.74304199219,105308.74304199219
2022-06-30 00:00:00+05:30,199.49248585876194,HCLTECH.NS,103783.8505859375,103783.8505859375
2022-07-01 00:00:00+05:30,199.49248585876194,HCLTECH.NS,104007.771484375,104007.771484375
2022-07-04 00:00:00+05:30,199.49248585876194,HCLTECH.NS,104994.16076660156,104994.16076660156
2022-07-05 00:00:00+05:30,199.49248585876194,HCLTECH.NS,104732.92218017578,104732.92218017578
2022-07-06 00:00:00+05:30,199.49248585876194,HCLTECH.NS,105207.43212890625,105207.43212890625
2022-07-07 00:00:00+05:30,199.49248585876194,HCLTECH.NS,105553.99993896484,105553.99993896484
2022-07-08 00:00:00+05:30,199.49248585876194,HCLTECH.NS,104882.1929321289,104882.1929321289
2022-07-11 00:00:00+05:30,199.49248585876194,HCLTECH.NS,100616.72875976562,100616.72875976562
2022-07-12 00:00:00+05:30,99098.12667064498,,0.0,99098.12667064498
2022-07-13 00:00:00+05:30,853.3162740103726,,0.0,853.3162740103726
2022-07-14 00:00:00+05:30,853.3162740103726,TCS.NS,97327.59814453125,97327.59814453125
2022-07-15 00:00:00+05:30,853.3162740103726,TCS.NS,97192.90966796875,97192.90966796875
2022-07-18 00:00:00+05:30,853.3162740103726,TCS.NS,99429.1318359375,99429.1318359375
2022-07-19 00:00:00+05:30,853.3162740103726,TCS.NS,99778.0302734375,99778.0302734375
2022-07-20 00:00:00+05:30,853.3162740103726,TCS.NS,102716.921875,102716.921875
2022-07-21 00:00:00+05:30,853.3162740103726,TCS.NS,103122.62255859375,103122.62255859375
2022-07-22 00:00:00+05:30,853.3162740103726,TCS.NS,102918.15771484375,102918.15771484375
2022-07-25 00:00:00+05:30,853.3162740103726,TCS.NS,102780.2236328125,102780.2236328125
2022-07-26 00:00:00+05:30,853.3162740103726,TCS.NS,101129.82080078125,101129.82080078125
2022-07-27 00:00:00+05:30,853.3162740103726,TCS.NS,103497.50244140625,103497.50244140625
2022-07-28 00:00:00+05:30,853.3162740103726,TCS.NS,105822.974609375,105822.974609375
2022-07-29 00:00:00+05:30,106961.2272228065,,0.0,106961.2272228065
2022-08-01 00:00:00+05:30,49.46343995872303,,0.0,49.46343995872303
2022-08-02 00:00:00+05:30,49.46343995872303,DRREDDY.NS,106518.07971191406,106518.07971191406
2022-08-03 00:00:00+05:30,49.46343995872303,DRREDDY.NS,106802.26330566406,106802.26330566406
2022-08-04 00:00:00+05:30,49.46343995872303,DRREDDY.NS,108148.93701171875,108148.93701171875
2022-08-05 00:00:00+05:30,49.46343995872303,DRREDDY.NS,108380.98077392578,108380.98077392578
2022-08-08 00:00:00+05:30,49.46343995872303,DRREDDY.NS,110114.82702636719,110114.82702636719
2022-08-10 00:00:00+05:30,49.46343995872303,DRREDDY.NS,110634.97521972656,110634.97521972656
2022-08-11 00:00:00+05:30,49.46343995872303,DRREDDY.NS,111026.06048583984,111026.06048583984
2022-08-12 00:00:00+05:30,49.46343995872303,DRREDDY.NS,111091.24542236328,111091.24542236328
2022-08-16 00:00:00+05:30,49.46343995872303,DRREDDY.NS,112055.94189453125,112055.94189453125
2022-08-17 00:00:00+05:30,49.46343995872303,DRREDDY.NS,112527.86297607422,112527.86297607422
2022-08-18 00:00:00+05:30,49.46343995872303,DRREDDY.NS,110160.44836425781,110160.44836425781
2022-08-19 00:00:00+05:30,49.46343995872303,DRREDDY.NS,109610.3134765625,109610.3134765625
2022-08-22 00:00:00+05:30,49.46343995872303,DRREDDY.NS,109165.77331542969,109165.77331542969
2022-08-23 00:00:00+05:30,49.46343995872303,DRREDDY.NS,110161.7553100586,110161.7553100586
2022-08-24 00:00:00+05:30,49.46343995872303,DRREDDY.NS,109976.63983154297,109976.63983154297
2022-08-25 00:00:00+05:30,49.46343995872303,DRREDDY.NS,110494.19036865234,110494.19036865234
2022-08-26 00:00:00+05:30,49.46343995872303,DRREDDY.NS,110113.5200805664,110113.5200805664
2022-08-29 00:00:00+05:30,49.46343995872303,DRREDDY.NS,109770.66192626953,109770.66192626953
2022-08-30 00:00:00+05:30,49.46343995872303,DRREDDY.NS,110680.60467529297,110680.60467529297
2022-09-01 00:00:00+05:30,49.46343995872303,DRREDDY.NS,109560.77941894531,109560.77941894531
2022-09-02 00:00:00+05:30,49.46343995872303,DRREDDY.NS,109243.98712158203,109243.98712158203
2022-09-05 00:00:00+05:30,49.46343995872303,DRREDDY.NS,109877.55548095703,109877.55548095703
2022-09-06 00:00:00+05:30,49.46343995872303,DRREDDY.NS,110528.08166503906,110528.08166503906
2022-09-07 00:00:00+05:30,49.46343995872303,DRREDDY.NS,110791.41094970703,110791.41094970703
2022-09-08 00:00:00+05:30,49.46343995872303,DRREDDY.NS,111374.14642333984,111374.14642333984
2022-09-09 00:00:00+05:30,49.46343995872303,DRREDDY.NS,110942.63513183594,110942.63513183594
2022-09-12 00:00:00+05:30,49.46343995872303,DRREDDY.NS,111100.3696899414,111100.3696899414
2022-09-13 00:00:00+05:30,49.46343995872303,DRREDDY.NS,110885.2837524414,110885.2837524414
2022-09-14 00:00:00+05:30,49.46343995872303,DRREDDY.NS,109874.94970703125,109874.94970703125
2022-09-15 00:00:00+05:30,49.46343995872303,DRREDDY.NS,108697.76495361328,108697.76495361328
2022-09-16 00:00:00+05:30,49.46343995872303,DRREDDY.NS,106308.18096923828,106308.18096923828
2022-09-19 00:00:00+05:30,49.46343995872303,DRREDDY.NS,106876.57250976562,106876.57250976562
2022-09-20 00:00:00+05:30,49.46343995872303,DRREDDY.NS,109923.18493652344,109923.18493652344
2022-09-21 00:00:00+05:30,49.46343995872303,DRREDDY.NS,108274.07098388672,108274.07098388672
2022-09-22 00:00:00+05:30,49.46343995872303,DRREDDY.NS,109047.1416015625,109047.1416015625
2022-09-23 00:00:00+05:30,49.46343995872303,DRREDDY.NS,107920.7978515625,107920.7978515625
2022-09-26 00:00:00+05:30,49.46343995872303,DRREDDY.NS,107624.86798095703,107624.86798095703
2022-09-27 00:00:00+05:30,49.46343995872303,DRREDDY.NS,109026.27917480469,109026.27917480469
2022-09-28 00:00:00+05:30,49.46343995872303,DRREDDY.NS,111323.2973022461,111323.2973022461
2022-09-29 00:00:00+05:30,49.46343995872303,DRREDDY.NS,113695.93157958984,113695.93157958984
2022-09-30 00:00:00+05:30,49.46343995872303,DRREDDY.NS,113044.10656738281,113044.10656738281
2022-10-03 00:00:00+05:30,49.46343995872303,DRREDDY.NS,115232.92419433594,115232.92419433594
2022-10-04 00:00:00+05:30,49.46343995872303,DRREDDY.NS,115084.30578613281,115084.30578613281
2022-10-06 00:00:00+05:30,49.46343995872303,DRREDDY.NS,114656.71533203125,114656.71533203125
2022-10-07 00:00:00+05:30,49.46343995872303,DRREDDY.NS,114111.7919921875,114111.7919921875
2022-10-10 00:00:00+05:30,49.46343995872303,DRREDDY.NS,114199.13818359375,114199.13818359375
2022-10-11 00:00:00+05:30,49.46343995872303,DRREDDY.NS,111663.54968261719,111663.54968261719
2022-10-12 00:00:00+05:30,49.46343995872303,DRREDDY.NS,110578.91455078125,110578.91455078125
2022-10-13 00:00:00+05:30,49.46343995872303,DRREDDY.NS,110930.90509033203,110930.90509033203
2022-10-14 00:00:00+05:30,49.46343995872303,DRREDDY.NS,112394.89544677734,112394.89544677734
2022-10-17 00:00:00+05:30,49.46343995872303,DRREDDY.NS,113031.0776977539,113031.0776977539
2022-10-18 00:00:00+05:30,49.46343995872303,DRREDDY.NS,113587.73107910156,113587.73107910156
2022-10-19 00:00:00+05:30,49.46343995872303,DRREDDY.NS,112553.9369506836,112553.9369506836
2022-10-20 00:00:00+05:30,49.46343995872303,DRREDDY.NS,113392.17626953125,113392.17626953125
2022-10-21 00:00:00+05:30,49.46343995872303,DRREDDY.NS,112916.3505859375,112916.3505859375
2022-10-24 00:00:00+05:30,49.46343995872303,DRREDDY.NS,114133.95324707031,114133.95324707031
2022-10-25 00:00:00+05:30,115602.03927827037,,0.0,115602.03927827037
2022-10-27 00:00:00+05:30,146.5915713871218,,0.0,146.5915713871218
2022-10-28 00:00:00+05:30,146.5915713871218,WIPRO.NS,116106.80026245117,116106.80026245117
2022-10-31 00:00:00+05:30,146.5915713871218,WIPRO.NS,117106.53575134279,117106.53575134279
2022-11-01 00:00:00+05:30,146.5915713871218,WIPRO.NS,118878.82177734375,118878.82177734375
2022-11-02 00:00:00+05:30,146.5915713871218,WIPRO.NS,119348.39465332031,119348.39465332031
2022-11-03 00:00:00+05:30,146.5915713871218,WIPRO.NS,117697.29776000978,117697.29776000978
2022-11-04 00:00:00+05:30,146.5915713871218,WIPRO.NS,118318.34980773926,118318.34980773926
2022-11-07 00:00:00+05:30,146.5915713871218,WIPRO.NS,118606.15347290038,118606.15347290038
2022-11-09 00:00:00+05:30,146.5915713871218,WIPRO.NS,118439.52928161621,118439.52928161621
2022-11-10 00:00:00+05:30,146.5915713871218,WIPRO.NS,117818.47723388672,117818.47723388672
2022-11-11 00:00:00+05:30,146.5915713871218,WIPRO.NS,121090.37132263184,121090.37132263184
2022-11-14 00:00:00+05:30,146.5915713871218,WIPRO.NS,120136.07089233397,120136.07089233397
2022-11-15 00:00:00+05:30,146.5915713871218,WIPRO.NS,120317.84010314941,120317.84010314941
2022-11-16 00:00:00+05:30,146.5915713871218,WIPRO.NS,120651.09814453125,120651.09814453125
2022-11-17 00:00:00+05:30,146.5915713871218,WIPRO.NS,120196.66062927246,120196.66062927246
2022-11-18 00:00:00+05:30,146.5915713871218,WIPRO.NS,119318.10461425781,119318.10461425781
2022-11-21 00:00:00+05:30,146.5915713871218,WIPRO.NS,117742.74247741699,117742.74247741699
2022-11-22 00:00:00+05:30,146.5915713871218,WIPRO.NS,117788.17753601074,117788.17753601074
2022-11-23 00:00:00+05:30,146.5915713871218,WIPRO.NS,117773.04217529297,117773.04217529297
2022-11-24 00:00:00+05:30,146.5915713871218,WIPRO.NS,120651.09814453125,120651.09814453125
2022-11-25 00:00:00+05:30,146.5915713871218,WIPRO.NS,122029.52673339844,122029.52673339844
2022-11-28 00:00:00+05:30,146.5915713871218,WIPRO.NS,122892.93772888184,122892.93772888184
2022-11-29 00:00:00+05:30,146.5915713871218,WIPRO.NS,122741.46821594238,122741.46821594238
2022-11-30 00:00:00+05:30,146.5915713871218,WIPRO.NS,123271.64048767088,123271.64048767088
2022-12-01 00:00:00+05:30,125090.93335179263,,0.0,125090.93335179263
2022-12-02 00:00:00+05:30,152.33091970527312,,0.0,152.33091970527312
2022-12-05 00:00:00+05:30,152.33091970527312,BAJAJFINSV.NS,125626.60913085938,125626.60913085938
2022-12-06 00:00:00+05:30,152.33091970527312,BAJAJFINSV.NS,125707.34069824219,125707.34069824219
2022-12-07 00:00:00+05:30,152.33091970527312,BAJAJFINSV.NS,123512.5869140625,123512.5869140625
2022-12-08 00:00:00+05:30,152.33091970527312,BAJAJFINSV.NS,124427.39428710938,124427.39428710938
2022-12-09 00:00:00+05:30,152.33091970527312,BAJAJFINSV.NS,122889.92272949219,122889.92272949219
2022-12-12 00:00:00+05:30,152.33091970527312,BAJAJFINSV.NS,122390.24987792969,122390.24987792969
2022-12-13 00:00:00+05:30,152.33091970527312,BAJAJFINSV.NS,123877.74475097656,123877.74475097656
2022-12-14 00:00:00+05:30,152.33091970527312,BAJAJFINSV.NS,124769.4765625,124769.4765625
2022-12-15 00:00:00+05:30,152.33091970527312,BAJAJFINSV.NS,123374.23693847656,123374.23693847656
2022-12-16 00:00:00+05:30,152.33091970527312,BAJAJFINSV.NS,122005.87963867188,122005.87963867188
2022-12-19 00:00:00+05:30,152.33091970527312,BAJAJFINSV.NS,124461.99353027344,124461.99353027344
2022-12-20 00:00:00+05:30,152.33091970527312,BAJAJFINSV.NS,124200.61462402344,124200.61462402344
2022-12-21 00:00:00+05:30,152.33091970527312,BAJAJFINSV.NS,121598.45263671875,121598.45263671875
2022-12-22 00:00:00+05:30,120944.3153123335,,0.0,120944.3153123335
2022-12-23 00:00:00+05:30,287.28381886330317,,0.0,287.28381886330317
2022-12-26 00:00:00+05:30,287.28381886330317,BAJFINANCE.NS,122439.26361083984,122439.26361083984
2022-12-27 00:00:00+05:30,287.28381886330317,BAJFINANCE.NS,123790.4638671875,123790.4638671875
2022-12-28 00:00:00+05:30,287.28381886330317,BAJFINANCE.NS,123246.17889404297,123246.17889404297
2022-12-29 00:00:00+05:30,287.28381886330317,BAJFINANCE.NS,123908.46197509766,123908.46197509766
2022-12-30 00:00:00+05:30,287.28381886330317,BAJFINANCE.NS,125132.1460571289,125132.1460571289
2023-01-02 00:00:00+05:30,287.28381886330317,BAJFINANCE.NS,124723.94116210938,124723.94116210938
2023-01-03 00:00:00+05:30,287.28381886330317,BAJFINANCE.NS,125723.04364013672,125723.04364013672
2023-01-04 00:00:00+05:30,287.28381886330317,BAJFINANCE.NS,125052.22021484375,125052.22021484375
2023-01-05 00:00:00+05:30,116799.62619662394,,0.0,116799.62619662394
2023-01-06 00:00:00+05:30,173.1884046366613,,0.0,173.1884046366613
2023-01-09 00:00:00+05:30,173.1884046366613,BHARTIARTL.NS,120661.23962402344,120661.23962402344
2023-01-10 00:00:00+05:30,173.1884046366613,BHARTIARTL.NS,116751.59912109375,116751.59912109375
2023-01-11 00:00:00+05:30,112897.89057577743,,0.0,112897.89057577743
2023-01-12 00:00:00+05:30,1000.7847808470688,,0.0,1000.7847808470688
2023-01-13 00:00:00+05:30,1000.7847808470688,CIPLA.NS,114535.91552734375,114535.91552734375
2023-01-16 00:00:00+05:30,1000.7847808470688,CIPLA.NS,113661.66259765625,113661.66259765625
2023-01-17 00:00:00+05:30,1000.7847808470688,CIPLA.NS,114680.72021484375,114680.72021484375
2023-01-18 00:00:00+05:30,1000.7847808470688,CIPLA.NS,114069.28833007812,114069.28833007812
2023-01-19 00:00:00+05:30,1000.7847808470688,CIPLA.NS,114224.82177734375,114224.82177734375
2023-01-20 00:00:00+05:30,1000.7847808470688,CIPLA.NS,113001.9580078125,113001.9580078125
2023-01-23 00:00:00+05:30,1000.7847808470688,CIPLA.NS,113978.12744140625,113978.12744140625
2023-01-24 00:00:00+05:30,1000.7847808470688,CIPLA.NS,113935.21240234375,113935.21240234375
2023-01-25 00:00:00+05:30,1000.7847808470688,CIPLA.NS,111049.67956542969,111049.67956542969
2023-01-27 00:00:00+05:30,1000.7847808470688,CIPLA.NS,112336.90246582031,112336.90246582031
2023-01-30 00:00:00+05:30,1000.7847808470688,CIPLA.NS,110958.51196289064,110958.51196289064
2023-01-31 00:00:00+05:30,1000.7847808470688,CIPLA.NS,109193.93981933594,109193.93981933594
2023-02-01 00:00:00+05:30,1000.7847808470688,CIPLA.NS,110706.42639160156,110706.42639160156
2023-02-02 00:00:00+05:30,1000.7847808470688,CIPLA.NS,109982.36267089844,109982.36267089844
2023-02-03 00:00:00+05:30,1000.7847808470688,CIPLA.NS,109660.55358886719,109660.55358886719
2023-02-06 00:00:00+05:30,1000.7847808470688,CIPLA.NS,110465.07629394531,110465.07629394531
2023-02-07 00:00:00+05:30,1000.7847808470688,CIPLA.NS,110625.97412109375,110625.97412109375
2023-02-08 00:00:00+05:30,1000.7847808470688,CIPLA.NS,111462.66296386719,111462.66296386719
2023-02-09 00:00:00+05:30,1000.7847808470688,CIPLA.NS,109574.74365234375,109574.74365234375
2023-02-10 00:00:00+05:30,1000.7847808470688,CIPLA.NS,110829.77355957031,110829.77355957031
2023-02-13 00:00:00+05:30,1000.7847808470688,CIPLA.NS,109623.00964355469,109623.00964355469
2023-02-14 00:00:00+05:30,1000.7847808470688,CIPLA.NS,110309.52941894531,110309.52941894531
2023-02-15 00:00:00+05:30,1000.7847808470688,CIPLA.NS,110572.33703613281,110572.33703613281
2023-02-16 00:00:00+05:30,1000.7847808470688,CIPLA.NS,111076.49475097656,111076.49475097656
2023-02-17 00:00:00+05:30,1000.7847808470688,CIPLA.NS,110030.62866210936,110030.62866210936
2023-02-20 00:00:00+05:30,108319.75532266643,,0.0,108319.75532266643
2023-02-21 00:00:00+05:30,204.38297258032253,,0.0,204.38297258032253
2023-02-22 00:00:00+05:30,204.38297258032253,DABUR.NS,108226.99658203125,108226.99658203125
2023-02-23 00:00:00+05:30,204.38297258032253,DABUR.NS,109556.51416015625,109556.51416015625
2023-02-24 00:00:00+05:30,204.38297258032253,DABUR.NS,108572.06854248047,108572.06854248047
2023-02-27 00:00:00+05:30,204.38297258032253,DABUR.NS,106806.16906738281,106806.16906738281
2023-02-28 00:00:00+05:30,204.38297258032253,DABUR.NS,108105.21173095703,108105.21173095703
2023-03-01 00:00:00+05:30,204.38297258032253,DABUR.NS,107019.30212402344,107019.30212402344
2023-03-02 00:00:00+05:30,204.38297258032253,DABUR.NS,107597.77697753906,107597.77697753906
2023-03-03 00:00:00+05:30,204.38297258032253,DABUR.NS,108551.76043701172,108551.76043701172
2023-03-06 00:00:00+05:30,204.38297258032253,DABUR.NS,108998.33465576172,108998.33465576172
2023-03-08 00:00:00+05:30,204.38297258032253,DABUR.NS,107953.00299072266,107953.00299072266
2023-03-09 00:00:00+05:30,204.38297258032253,DABUR.NS,106897.51089477539,106897.51089477539
2023-03-10 00:00:00+05:30,204.38297258032253,DABUR.NS,107567.34033203125,107567.34033203125
2023-03-13 00:00:00+05:30,204.38297258032253,DABUR.NS,106268.28491210938,106268.28491210938
2023-03-14 00:00:00+05:30,204.38297258032253,DABUR.NS,106867.06149291992,106867.06149291992
2023-03-15 00:00:00+05:30,204.38297258032253,DABUR.NS,105923.20657348633,105923.20657348633
2023-03-16 00:00:00+05:30,204.38297258032253,DABUR.NS,108490.86163330078,108490.86163330078
2023-03-17 00:00:00+05:30,204.38297258032253,DABUR.NS,108825.79229736328,108825.79229736328
2023-03-20 00:00:00+05:30,204.38297258032253,DABUR.NS,109018.61724853516,109018.61724853516
2023-03-21 00:00:00+05:30,204.38297258032253,DABUR.NS,108044.32568359375,108044.32568359375
2023-03-22 00:00:00+05:30,204.38297258032253,DABUR.NS,109637.69555664062,109637.69555664062
2023-03-23 00:00:00+05:30,204.38297258032253,DABUR.NS,109485.46130371094,109485.46130371094
2023-03-24 00:00:00+05:30,204.38297258032253,DABUR.NS,108876.5498046875,108876.5498046875
2023-03-27 00:00:00+05:30,204.38297258032253,DABUR.NS,109901.56060791016,109901.56060791016
2023-03-28 00:00:00+05:30,204.38297258032253,DABUR.NS,108348.79418945312,108348.79418945312
2023-03-29 00:00:00+05:30,204.38297258032253,DABUR.NS,108724.30279541016,108724.30279541016
2023-03-31 00:00:00+05:30,204.38297258032253,DABUR.NS,110601.84582519531,110601.84582519531
2023-04-03 00:00:00+05:30,204.38297258032253,DABUR.NS,111149.85852050781,111149.85852050781
2023-04-05 00:00:00+05:30,204.38297258032253,DABUR.NS,111241.20672607422,111241.20672607422
2023-04-06 00:00:00+05:30,204.38297258032253,DABUR.NS,106745.28302001955,106745.28302001955
2023-04-10 00:00:00+05:30,204.38297258032253,DABUR.NS,106197.2448120117,106197.2448120117
2023-04-11 00:00:00+05:30,204.38297258032253,DABUR.NS,105923.20657348633,105923.20657348633
2023-04-12 00:00:00+05:30,204.38297258032253,DABUR.NS,105070.72537231445,105070.72537231445
2023-04-13 00:00:00+05:30,204.38297258032253,DABUR.NS,106999.00039672852,106999.00039672852
2023-04-17 00:00:00+05:30,204.38297258032253,DABUR.NS,106379.90933227539,106379.90933227539
2023-04-18 00:00:00+05:30,204.38297258032253,DABUR.NS,105730.4135131836,105730.4135131836
2023-04-19 00:00:00+05:30,204.38297258032253,DABUR.NS,105557.87115478516,105557.87115478516
2023-04-20 00:00:00+05:30,204.38297258032253,DABUR.NS,106623.49816894531,106623.49816894531
2023-04-21 00:00:00+05:30,204.38297258032253,DABUR.NS,106593.0615234375,106593.0615234375
2023-04-24 00:00:00+05:30,204.38297258032253,DABUR.NS,106532.15634155273,106532.15634155273
2023-04-25 00:00:00+05:30,204.38297258032253,DABUR.NS,106846.76614379883,106846.76614379883
2023-04-26 00:00:00+05:30,204.38297258032253,DABUR.NS,108318.34478759766,108318.34478759766
2023-04-27 00:00:00+05:30,204.38297258032253,DABUR.NS,107658.67578125,107658.67578125
2023-04-28 00:00:00+05:30,204.38297258032253,DABUR.NS,108166.11053466797,108166.11053466797
2023-05-02 00:00:00+05:30,204.38297258032253,DABUR.NS,108886.6655883789,108886.6655883789
2023-05-03 00:00:00+05:30,204.38297258032253,DABUR.NS,109191.14685058594,109191.14685058594
2023-05-04 00:00:00+05:30,204.38297258032253,DABUR.NS,107658.67578125,107658.67578125
2023-05-05 00:00:00+05:30,104658.92389605385,,0.0,104658.92389605385
2023-05-08 00:00:00+05:30,275.24195753638924,,0.0,275.24195753638924
2023-05-09 00:00:00+05:30,275.24195753638924,SUNPHARMA.NS,103998.07745361328,103998.07745361328
2023-05-10 00:00:00+05:30,275.24195753638924,SUNPHARMA.NS,103601.61694335938,103601.61694335938
2023-05-11 00:00:00+05:30,275.24195753638924,SUNPHARMA.NS,104389.1044921875,104389.1044921875
2023-05-12 00:00:00+05:30,275.24195753638924,SUNPHARMA.NS,103840.57452392578,103840.57452392578
2023-05-15 00:00:00+05:30,275.24195753638924,SUNPHARMA.NS,103514.72204589842,103514.72204589842
2023-05-16 00:00:00+05:30,275.24195753638924,SUNPHARMA.NS,102205.8515625,102205.8515625
2023-05-17 00:00:00+05:30,275.24195753638924,SUNPHARMA.NS,101662.75506591797,101662.75506591797
2023-05-18 00:00:00+05:30,101046.53562694305,,0.0,101046.53562694305
2023-05-19 00:00:00+05:30,1111.7839813006867,,0.0,1111.7839813006867
2023-05-22 00:00:00+05:30,1111.7839813006867,DIVISLAB.NS,105748.49194335938,105748.49194335938
2023-05-23 00:00:00+05:30,109451.42644293443,,0.0,109451.42644293443
2023-05-24 00:00:00+05:30,163.5006041138986,,0.0,163.5006041138986
2023-05-25 00:00:00+05:30,163.5006041138986,DRREDDY.NS,110367.35534667969,110367.35534667969
2023-05-26 00:00:00+05:30,163.5006041138986,DRREDDY.NS,111028.98406982422,111028.98406982422
2023-05-29 00:00:00+05:30,163.5006041138986,DRREDDY.NS,111648.94104003906,111648.94104003906
2023-05-30 00:00:00+05:30,163.5006041138986,DRREDDY.NS,110733.70361328125,110733.70361328125
2023-05-31 00:00:00+05:30,163.5006041138986,DRREDDY.NS,110296.29516601562,110296.29516601562
2023-06-01 00:00:00+05:30,163.5006041138986,DRREDDY.NS,111546.0205078125,111546.0205078125
2023-06-02 00:00:00+05:30,163.5006041138986,DRREDDY.NS,112977.0965576172,112977.0965576172
2023-06-05 00:00:00+05:30,163.5006041138986,DRREDDY.NS,112808.01391601562,112808.01391601562
2023-06-06 00:00:00+05:30,163.5006041138986,DRREDDY.NS,113619.1177368164,113619.1177368164
2023-06-07 00:00:00+05:30,163.5006041138986,DRREDDY.NS,114528.23638916016,114528.23638916016
2023-06-08 00:00:00+05:30,163.5006041138986,DRREDDY.NS,113931.54907226562,113931.54907226562
2023-06-09 00:00:00+05:30,163.5006041138986,DRREDDY.NS,114357.92541503905,114357.92541503905
2023-06-12 00:00:00+05:30,163.5006041138986,DRREDDY.NS,114574.7833251953,114574.7833251953
2023-06-13 00:00:00+05:30,163.5006041138986,DRREDDY.NS,115220.48950195312,115220.48950195312
2023-06-14 00:00:00+05:30,163.5006041138986,DRREDDY.NS,115146.97265625,115146.97265625
2023-06-15 00:00:00+05:30,163.5006041138986,DRREDDY.NS,117706.48193359375,117706.48193359375
2023-06-16 00:00:00+05:30,120211.45588672221,,0.0,120211.45588672221
2023-06-19 00:00:00+05:30,2147.112390177863,,0.0,2147.112390177863
2023-06-20 00:00:00+05:30,2147.112390177863,EICHERMOT.NS,120399.94018554688,120399.94018554688
2023-06-21 00:00:00+05:30,2147.112390177863,EICHERMOT.NS,120682.17895507812,120682.17895507812
2023-06-22 00:00:00+05:30,2147.112390177863,EICHERMOT.NS,120281.64428710938,120281.64428710938
2023-06-23 00:00:00+05:30,2147.112390177863,EICHERMOT.NS,119625.91552734375,119625.91552734375
2023-06-26 00:00:00+05:30,2147.112390177863,EICHERMOT.NS,120046.71875,120046.71875
2023-06-27 00:00:00+05:30,2147.112390177863,EICHERMOT.NS,119509.30297851562,119509.30297851562
2023-06-28 00:00:00+05:30,2147.112390177863,EICHERMOT.NS,119816.88598632812,119816.88598632812
2023-06-30 00:00:00+05:30,2147.112390177863,EICHERMOT.NS,121008.34716796875,121008.34716796875
2023-07-03 00:00:00+05:30,2147.112390177863,EICHERMOT.NS,122723.71459960938,122723.71459960938
2023-07-04 00:00:00+05:30,2147.112390177863,EICHERMOT.NS,114981.75903320312,114981.75903320312
2023-07-05 00:00:00+05:30,114289.82643495982,,0.0,114289.82643495982
2023-07-06 00:00:00+05:30,2760.519422626021,,0.0,2760.519422626021
2023-07-07 00:00:00+05:30,2760.519422626021,EICHERMOT.NS,110722.728515625,110722.728515625
2023-07-10 00:00:00+05:30,2760.519422626021,EICHERMOT.NS,110343.779296875,110343.779296875
2023-07-11 00:00:00+05:30,2760.519422626021,EICHERMOT.NS,113095.51171875,113095.51171875
2023-07-12 00:00:00+05:30,2760.519422626021,EICHERMOT.NS,114437.4697265625,114437.4697265625
2023-07-13 00:00:00+05:30,2760.519422626021,EICHERMOT.NS,113238.0439453125,113238.0439453125
2023-07-14 00:00:00+05:30,2760.519422626021,EICHERMOT.NS,116365.25390625,116365.25390625
2023-07-17 00:00:00+05:30,2760.519422626021,EICHERMOT.NS,116462.5927734375,116462.5927734375
2023-07-18 00:00:00+05:30,2760.519422626021,EICHERMOT.NS,116439.99609375,116439.99609375
2023-07-19 00:00:00+05:30,2760.519422626021,EICHERMOT.NS,115775.96484375,115775.96484375
2023-07-20 00:00:00+05:30,2760.519422626021,EICHERMOT.NS,115322.2646484375,115322.2646484375
2023-07-21 00:00:00+05:30,2760.519422626021,EICHERMOT.NS,115266.638671875,115266.638671875
2023-07-24 00:00:00+05:30,2760.519422626021,EICHERMOT.NS,115000.6904296875,115000.6904296875
2023-07-25 00:00:00+05:30,2760.519422626021,EICHERMOT.NS,115638.6357421875,115638.6357421875
2023-07-26 00:00:00+05:30,2760.519422626021,EICHERMOT.NS,116592.9697265625,116592.9697265625
2023-07-27 00:00:00+05:30,2760.519422626021,EICHERMOT.NS,115697.7333984375,115697.7333984375
2023-07-28 00:00:00+05:30,2760.519422626021,EICHERMOT.NS,116646.85546875,116646.85546875
2023-07-31 00:00:00+05:30,2760.519422626021,EICHERMOT.NS,117004.9482421875,117004.9482421875
2023-08-01 00:00:00+05:30,2760.519422626021,EICHERMOT.NS,118757.14453125,118757.14453125
2023-08-02 00:00:00+05:30,2760.519422626021,EICHERMOT.NS,115864.6201171875,115864.6201171875
2023-08-03 00:00:00+05:30,2760.519422626021,EICHERMOT.NS,117498.62109375,117498.62109375
2023-08-04 00:00:00+05:30,2760.519422626021,EICHERMOT.NS,116798.0888671875,116798.0888671875
2023-08-07 00:00:00+05:30,2760.519422626021,EICHERMOT.NS,116669.4609375,116669.4609375
2023-08-08 00:00:00+05:30,2760.519422626021,EICHERMOT.NS,117230.923828125,117230.923828125
2023-08-09 00:00:00+05:30,2760.519422626021,EICHERMOT.NS,118642.4208984375,118642.4208984375
2023-08-10 00:00:00+05:30,2760.519422626021,EICHERMOT.NS,118715.4228515625,118715.4228515625
2023-08-11 00:00:00+05:30,2760.519422626021,EICHERMOT.NS,117828.8876953125,117828.8876953125
2023-08-14 00:00:00+05:30,2760.519422626021,EICHERMOT.NS,117354.3662109375,117354.3662109375
2023-08-16 00:00:00+05:30,2760.519422626021,EICHERMOT.NS,116950.1572265625,116950.1572265625
2023-08-17 00:00:00+05:30,2760.519422626021,EICHERMOT.NS,115939.599609375,115939.599609375
2023-08-18 00:00:00+05:30,2760.519422626021,EICHERMOT.NS,117737.5078125,117737.5078125
2023-08-21 00:00:00+05:30,2760.519422626021,EICHERMOT.NS,118298.14453125,118298.14453125
2023-08-22 00:00:00+05:30,2760.519422626021,EICHERMOT.NS,117519.57421875,117519.57421875
2023-08-23 00:00:00+05:30,2760.519422626021,EICHERMOT.NS,118032.767578125,118032.767578125
2023-08-24 00:00:00+05:30,2760.519422626021,EICHERMOT.NS,117458.0595703125,117458.0595703125
2023-08-25 00:00:00+05:30,2760.519422626021,EICHERMOT.NS,117440.4814453125,117440.4814453125
2023-08-28 00:00:00+05:30,2760.519422626021,EICHERMOT.NS,117693.5712890625,117693.5712890625
2023-08-29 00:00:00+05:30,2760.519422626021,EICHERMOT.NS,117939.62109375,117939.62109375
2023-08-30 00:00:00+05:30,2760.519422626021,EICHERMOT.NS,119711.162109375,119711.162109375
2023-08-31 00:00:00+05:30,2760.519422626021,EICHERMOT.NS,117280.564453125,117280.564453125
2023-09-01 00:00:00+05:30,2760.519422626021,EICHERMOT.NS,119523.111328125,119523.111328125
2023-09-04 00:00:00+05:30,120477.17631701111,,0.0,120477.17631701111
2023-09-05 00:00:00+05:30,2094.5053284942696,,0.0,2094.5053284942696
2023-09-06 00:00:00+05:30,2094.5053284942696,HINDUNILVR.NS,119395.16333007812,119395.16333007812
2023-09-07 00:00:00+05:30,2094.5053284942696,HINDUNILVR.NS,118635.794921875,118635.794921875
2023-09-08 00:00:00+05:30,2094.5053284942696,HINDUNILVR.NS,118936.24291992188,118936.24291992188
2023-09-11 00:00:00+05:30,2094.5053284942696,HINDUNILVR.NS,119998.416015625,119998.416015625
2023-09-12 00:00:00+05:30,2094.5053284942696,HINDUNILVR.NS,118228.9130859375,118228.9130859375
2023-09-13 00:00:00+05:30,2094.5053284942696,HINDUNILVR.NS,118593.21899414062,118593.21899414062
2023-09-14 00:00:00+05:30,2094.5053284942696,HINDUNILVR.NS,118321.15893554688,118321.15893554688
2023-09-15 00:00:00+05:30,2094.5053284942696,HINDUNILVR.NS,116849.71142578125,116849.71142578125
2023-09-18 00:00:00+05:30,2094.5053284942696,HINDUNILVR.NS,117746.29418945312,117746.29418945312
2023-09-20 00:00:00+05:30,2094.5053284942696,HINDUNILVR.NS,116714.87768554688,116714.87768554688
2023-09-21 00:00:00+05:30,2094.5053284942696,HINDUNILVR.NS,117022.40771484375,117022.40771484375
2023-09-22 00:00:00+05:30,2094.5053284942696,HINDUNILVR.NS,117452.96411132812,117452.96411132812
2023-09-25 00:00:00+05:30,2094.5053284942696,HINDUNILVR.NS,117140.70874023438,117140.70874023438
2023-09-26 00:00:00+05:30,2094.5053284942696,HINDUNILVR.NS,117287.36181640625,117287.36181640625
2023-09-27 00:00:00+05:30,2094.5053284942696,HINDUNILVR.NS,118366.103515625,118366.103515625
2023-09-28 00:00:00+05:30,2094.5053284942696,HINDUNILVR.NS,116407.33569335938,116407.33569335938
2023-09-29 00:00:00+05:30,2094.5053284942696,HINDUNILVR.NS,116655.7451171875,116655.7451171875
2023-10-03 00:00:00+05:30,2094.5053284942696,HINDUNILVR.NS,116811.84887695312,116811.84887695312
2023-10-04 00:00:00+05:30,2094.5053284942696,HINDUNILVR.NS,118654.73217773438,118654.73217773438
2023-10-05 00:00:00+05:30,2094.5053284942696,HINDUNILVR.NS,119208.27905273438,119208.27905273438
2023-10-06 00:00:00+05:30,2094.5053284942696,HINDUNILVR.NS,118254.93237304688,118254.93237304688
2023-10-09 00:00:00+05:30,2094.5053284942696,HINDUNILVR.NS,118817.95385742188,118817.95385742188
2023-10-10 00:00:00+05:30,2094.5053284942696,HINDUNILVR.NS,119049.78271484375,119049.78271484375
2023-10-11 00:00:00+05:30,2094.5053284942696,HINDUNILVR.NS,120951.77465820312,120951.77465820312
2023-10-12 00:00:00+05:30,2094.5053284942696,HINDUNILVR.NS,120980.16259765625,120980.16259765625
2023-10-13 00:00:00+05:30,2094.5053284942696,HINDUNILVR.NS,121569.20336914062,121569.20336914062
2023-10-16 00:00:00+05:30,2094.5053284942696,HINDUNILVR.NS,121041.67578125,121041.67578125
2023-10-17 00:00:00+05:30,2094.5053284942696,HINDUNILVR.NS,120939.943359375,120939.943359375
2023-10-18 00:00:00+05:30,2094.5053284942696,HINDUNILVR.NS,120566.1748046875,120566.1748046875
2023-10-19 00:00:00+05:30,2094.5053284942696,HINDUNILVR.NS,120559.08081054688,120559.08081054688
2023-10-20 00:00:00+05:30,2094.5053284942696,HINDUNILVR.NS,118053.83618164062,118053.83618164062
2023-10-23 00:00:00+05:30,2094.5053284942696,HINDUNILVR.NS,117502.63403320312,117502.63403320312
2023-10-25 00:00:00+05:30,2094.5053284942696,HINDUNILVR.NS,117209.30395507812,117209.30395507812
2023-10-26 00:00:00+05:30,2094.5053284942696,HINDUNILVR.NS,117166.71606445312,117166.71606445312
2023-10-27 00:00:00+05:30,2094.5053284942696,HINDUNILVR.NS,117434.05078125,117434.05078125
2023-10-30 00:00:00+05:30,2094.5053284942696,HINDUNILVR.NS,117284.9931640625,117284.9931640625
2023-10-31 00:00:00+05:30,2094.5053284942696,HINDUNILVR.NS,117526.29663085938,117526.29663085938
2023-11-01 00:00:00+05:30,2094.5053284942696,HINDUNILVR.NS,116970.369140625,116970.369140625
2023-11-02 00:00:00+05:30,2094.5053284942696,HINDUNILVR.NS,118521.70483398438,118521.70483398438
2023-11-03 00:00:00+05:30,2094.5053284942696,HINDUNILVR.NS,119591.68969726562,119591.68969726562
2023-11-06 00:00:00+05:30,2094.5053284942696,HINDUNILVR.NS,119026.90966796875,119026.90966796875
2023-11-07 00:00:00+05:30,2094.5053284942696,HINDUNILVR.NS,118981.6181640625,118981.6181640625
2023-11-08 00:00:00+05:30,2094.5053284942696,HINDUNILVR.NS,120073.05249023438,120073.05249023438
2023-11-09 00:00:00+05:30,2094.5053284942696,HINDUNILVR.NS,118040.34204101562,118040.34204101562
2023-11-10 00:00:00+05:30,2094.5053284942696,HINDUNILVR.NS,118509.8017578125,118509.8017578125
2023-11-13 00:00:00+05:30,2094.5053284942696,HINDUNILVR.NS,118109.45166015625,118109.45166015625
2023-11-15 00:00:00+05:30,2094.5053284942696,HINDUNILVR.NS,118502.63598632812,118502.63598632812
2023-11-16 00:00:00+05:30,2094.5053284942696,HINDUNILVR.NS,118731.41430664062,118731.41430664062
2023-11-17 00:00:00+05:30,2094.5053284942696,HINDUNILVR.NS,120523.443359375,120523.443359375
2023-11-20 00:00:00+05:30,2094.5053284942696,HINDUNILVR.NS,119458.23168945312,119458.23168945312
2023-11-21 00:00:00+05:30,2094.5053284942696,HINDUNILVR.NS,119401.04907226562,119401.04907226562
2023-11-22 00:00:00+05:30,2094.5053284942696,HINDUNILVR.NS,120194.58349609375,120194.58349609375
2023-11-23 00:00:00+05:30,2094.5053284942696,HINDUNILVR.NS,120099.26318359375,120099.26318359375
2023-11-24 00:00:00+05:30,2094.5053284942696,HINDUNILVR.NS,119875.25805664062,119875.25805664062
2023-11-28 00:00:00+05:30,2094.5053284942696,HINDUNILVR.NS,119653.6455078125,119653.6455078125
2023-11-29 00:00:00+05:30,2094.5053284942696,HINDUNILVR.NS,120344.7177734375,120344.7177734375
2023-11-30 00:00:00+05:30,2094.5053284942696,HINDUNILVR.NS,121321.7509765625,121321.7509765625
2023-12-01 00:00:00+05:30,2094.5053284942696,HINDUNILVR.NS,122184.39501953125,122184.39501953125
2023-12-04 00:00:00+05:30,2094.5053284942696,HINDUNILVR.NS,124026.47680664062,124026.47680664062
2023-12-05 00:00:00+05:30,2094.5053284942696,HINDUNILVR.NS,122165.33813476562,122165.33813476562
2023-12-06 00:00:00+05:30,2094.5053284942696,HINDUNILVR.NS,122375.03564453125,122375.03564453125
2023-12-07 00:00:00+05:30,2094.5053284942696,HINDUNILVR.NS,120020.63110351562,120020.63110351562
2023-12-08 00:00:00+05:30,2094.5053284942696,HINDUNILVR.NS,120213.65234375,120213.65234375
2023-12-11 00:00:00+05:30,2094.5053284942696,HINDUNILVR.NS,119324.77368164062,119324.77368164062
2023-12-12 00:00:00+05:30,2094.5053284942696,HINDUNILVR.NS,119281.88671875,119281.88671875
2023-12-13 00:00:00+05:30,2094.5053284942696,HINDUNILVR.NS,119717.98193359375,119717.98193359375
2023-12-14 00:00:00+05:30,2094.5053284942696,HINDUNILVR.NS,119930.07202148438,119930.07202148438
2023-12-15 00:00:00+05:30,2094.5053284942696,HINDUNILVR.NS,120242.24365234375,120242.24365234375
2023-12-18 00:00:00+05:30,2094.5053284942696,HINDUNILVR.NS,120842.76879882812,120842.76879882812
2023-12-19 00:00:00+05:30,2094.5053284942696,HINDUNILVR.NS,122043.80712890625,122043.80712890625
2023-12-20 00:00:00+05:30,2094.5053284942696,HINDUNILVR.NS,121891.30419921875,121891.30419921875
2023-12-21 00:00:00+05:30,2094.5053284942696,HINDUNILVR.NS,121686.35595703125,121686.35595703125
2023-12-22 00:00:00+05:30,2094.5053284942696,HINDUNILVR.NS,122753.9482421875,122753.9482421875
2023-12-26 00:00:00+05:30,2094.5053284942696,HINDUNILVR.NS,123190.04345703125,123190.04345703125
2023-12-27 00:00:00+05:30,2094.5053284942696,HINDUNILVR.NS,124312.43774414062,124312.43774414062
2023-12-28 00:00:00+05:30,2094.5053284942696,HINDUNILVR.NS,125527.77172851562,125527.77172851562
2023-12-29 00:00:00+05:30,2094.5053284942696,HINDUNILVR.NS,126964.73022460938,126964.73022460938
2024-01-01 00:00:00+05:30,2094.5053284942696,HINDUNILVR.NS,126526.26635742188,126526.26635742188
2024-01-02 00:00:00+05:30,2094.5053284942696,HINDUNILVR.NS,124574.58056640625,124574.58056640625
2024-01-03 00:00:00+05:30,2094.5053284942696,HINDUNILVR.NS,124229.03247070312,124229.03247070312
2024-01-04 00:00:00+05:30,2094.5053284942696,HINDUNILVR.NS,123561.79028320312,123561.79028320312
2024-01-05 00:00:00+05:30,2094.5053284942696,HINDUNILVR.NS,124872.44458007812,124872.44458007812
2024-01-08 00:00:00+05:30,2094.5053284942696,HINDUNILVR.NS,122880.25244140625,122880.25244140625
2024-01-09 00:00:00+05:30,2094.5053284942696,HINDUNILVR.NS,122951.74267578125,122951.74267578125
2024-01-10 00:00:00+05:30,2094.5053284942696,HINDUNILVR.NS,122839.73413085938,122839.73413085938
2024-01-11 00:00:00+05:30,2094.5053284942696,HINDUNILVR.NS,120876.13330078125,120876.13330078125
2024-01-12 00:00:00+05:30,2094.5053284942696,HINDUNILVR.NS,121247.88012695312,121247.88012695312
2024-01-15 00:00:00+05:30,2094.5053284942696,HINDUNILVR.NS,122639.55908203125,122639.55908203125
2024-01-16 00:00:00+05:30,2094.5053284942696,HINDUNILVR.NS,122444.1572265625,122444.1572265625
2024-01-17 00:00:00+05:30,2094.5053284942696,HINDUNILVR.NS,122148.66186523438,122148.66186523438
2024-01-18 00:00:00+05:30,2094.5053284942696,HINDUNILVR.NS,121438.52075195312,121438.52075195312
2024-01-19 00:00:00+05:30,2094.5053284942696,HINDUNILVR.NS,122267.80029296875,122267.80029296875
2024-01-23 00:00:00+05:30,114597.97699701396,,0.0,114597.97699701396
2024-01-24 00:00:00+05:30,266.7483866291441,,0.0,266.7483866291441
2024-01-25 00:00:00+05:30,266.7483866291441,KOTAKBANK.NS,114687.9296875,114687.9296875
2024-01-29 00:00:00+05:30,266.7483866291441,KOTAKBANK.NS,118222.47131347656,118222.47131347656
2024-01-30 00:00:00+05:30,266.7483866291441,KOTAKBANK.NS,118267.87292480469,118267.87292480469
2024-01-31 00:00:00+05:30,266.7483866291441,KOTAKBANK.NS,118374.87854003906,118374.87854003906
2024-02-01 00:00:00+05:30,266.7483866291441,KOTAKBANK.NS,118212.74353027344,118212.74353027344
2024-02-02 00:00:00+05:30,266.7483866291441,KOTAKBANK.NS,118225.70861816406,118225.70861816406
2024-02-05 00:00:00+05:30,266.7483866291441,KOTAKBANK.NS,117278.84460449219,117278.84460449219
2024-02-06 00:00:00+05:30,266.7483866291441,KOTAKBANK.NS,115894.21447753906,115894.21447753906
2024-02-07 00:00:00+05:30,266.7483866291441,KOTAKBANK.NS,116257.39562988281,116257.39562988281
2024-02-08 00:00:00+05:30,266.7483866291441,KOTAKBANK.NS,112178.07434082031,112178.07434082031
2024-02-09 00:00:00+05:30,266.7483866291441,KOTAKBANK.NS,113004.95971679688,113004.95971679688
2024-02-12 00:00:00+05:30,110676.0592317108,,0.0,110676.0592317108
2024-02-13 00:00:00+05:30,911.2489026452095,,0.0,911.2489026452095
2024-02-14 00:00:00+05:30,911.2489026452095,LT.NS,110597.0361328125,110597.0361328125
2024-02-15 00:00:00+05:30,911.2489026452095,LT.NS,110306.259765625,110306.259765625
2024-02-16 00:00:00+05:30,911.2489026452095,LT.NS,113195.6787109375,113195.6787109375
2024-02-19 00:00:00+05:30,911.2489026452095,LT.NS,111628.142578125,111628.142578125
2024-02-20 00:00:00+05:30,911.2489026452095,LT.NS,112192.994140625,112192.994140625
2024-02-21 00:00:00+05:30,911.2489026452095,LT.NS,110175.904296875,110175.904296875
2024-02-22 00:00:00+05:30,911.2489026452095,LT.NS,112426.95166015625,112426.95166015625
2024-02-23 00:00:00+05:30,911.2489026452095,LT.NS,113235.7880859375,113235.7880859375
2024-02-26 00:00:00+05:30,911.2489026452095,LT.NS,115983.1640625,115983.1640625
2024-02-27 00:00:00+05:30,911.2489026452095,LT.NS,117196.4228515625,117196.4228515625
2024-02-28 00:00:00+05:30,911.2489026452095,LT.NS,115984.83251953125,115984.83251953125
2024-02-29 00:00:00+05:30,911.2489026452095,LT.NS,116230.50244140625,116230.50244140625
2024-03-01 00:00:00+05:30,121211.6209743389,,0.0,121211.6209743389
2024-03-04 00:00:00+05:30,1262.887560681309,,0.0,1262.887560681309
2024-03-05 00:00:00+05:30,1262.887560681309,APOLLOHOSP.NS,120710.5078125,120710.5078125
2024-03-06 00:00:00+05:30,1262.887560681309,APOLLOHOSP.NS,120575.068359375,120575.068359375
2024-03-07 00:00:00+05:30,1262.887560681309,APOLLOHOSP.NS,120465.52734375,120465.52734375
2024-03-11 00:00:00+05:30,1262.887560681309,APOLLOHOSP.NS,123570.390625,123570.390625
2024-03-12 00:00:00+05:30,1262.887560681309,APOLLOHOSP.NS,122377.431640625,122377.431640625
2024-03-13 00:00:00+05:30,1262.887560681309,APOLLOHOSP.NS,119660.947265625,119660.947265625
2024-03-14 00:00:00+05:30,1262.887560681309,APOLLOHOSP.NS,119954.70703125,119954.70703125
2024-03-15 00:00:00+05:30,1262.887560681309,APOLLOHOSP.NS,119159.08203125,119159.08203125
2024-03-18 00:00:00+05:30,1262.887560681309,APOLLOHOSP.NS,122213.134765625,122213.134765625
2024-03-19 00:00:00+05:30,1262.887560681309,APOLLOHOSP.NS,121748.10546875,121748.10546875
2024-03-20 00:00:00+05:30,1262.887560681309,APOLLOHOSP.NS,122959.970703125,122959.970703125
2024-03-21 00:00:00+05:30,1262.887560681309,APOLLOHOSP.NS,123128.26171875,123128.26171875
2024-03-22 00:00:00+05:30,1262.887560681309,APOLLOHOSP.NS,126979.931640625,126979.931640625
2024-03-26 00:00:00+05:30,1262.887560681309,APOLLOHOSP.NS,125915.458984375,125915.458984375
2024-03-27 00:00:00+05:30,1262.887560681309,APOLLOHOSP.NS,124103.134765625,124103.134765625
2024-03-28 00:00:00+05:30,1262.887560681309,APOLLOHOSP.NS,126599.541015625,126599.541015625
2024-04-01 00:00:00+05:30,1262.887560681309,APOLLOHOSP.NS,128600.078125,128600.078125
2024-04-02 00:00:00+05:30,1262.887560681309,APOLLOHOSP.NS,127853.2421875,127853.2421875
2024-04-03 00:00:00+05:30,1262.887560681309,APOLLOHOSP.NS,126963.0078125,126963.0078125
2024-04-04 00:00:00+05:30,1262.887560681309,APOLLOHOSP.NS,128268.4765625,128268.4765625
2024-04-05 00:00:00+05:30,1262.887560681309,APOLLOHOSP.NS,127415.09765625,127415.09765625
2024-04-08 00:00:00+05:30,1262.887560681309,APOLLOHOSP.NS,125622.685546875,125622.685546875
2024-04-09 00:00:00+05:30,129302.54024119572,,0.0,129302.54024119572
2024-04-10 00:00:00+05:30,1158.7507618973323,,0.0,1158.7507618973323
2024-04-12 00:00:00+05:30,1158.7507618973323,HCLTECH.NS,126917.5810546875,126917.5810546875
2024-04-15 00:00:00+05:30,1158.7507618973323,HCLTECH.NS,125545.3955078125,125545.3955078125
2024-04-16 00:00:00+05:30,124047.03252964524,,0.0,124047.03252964524
2024-04-18 00:00:00+05:30,355.82865253757336,,0.0,355.82865253757336
2024-04-19 00:00:00+05:30,355.82865253757336,HDFCLIFE.NS,123158.88037109375,123158.88037109375
2024-04-22 00:00:00+05:30,355.82865253757336,HDFCLIFE.NS,124059.72802734375,124059.72802734375
2024-04-23 00:00:00+05:30,355.82865253757336,HDFCLIFE.NS,123077.00341796875,123077.00341796875
2024-04-24 00:00:00+05:30,355.82865253757336,HDFCLIFE.NS,121654.07702636719,121654.07702636719
2024-04-25 00:00:00+05:30,355.82865253757336,HDFCLIFE.NS,121756.44836425781,121756.44836425781
2024-04-26 00:00:00+05:30,355.82865253757336,HDFCLIFE.NS,120353.9912109375,120353.9912109375
2024-04-29 00:00:00+05:30,119736.79608915655,,0.0,119736.79608915655
2024-04-30 00:00:00+05:30,125.95256481786782,,0.0,125.95256481786782
2024-05-02 00:00:00+05:30,125.95256481786782,KOTAKBANK.NS,116336.310546875,116336.310546875
2024-05-03 00:00:00+05:30,115786.88485686557,,0.0,115786.88485686557
2024-05-06 00:00:00+05:30,774.6475590833579,,0.0,774.6475590833579
2024-05-07 00:00:00+05:30,774.6475590833579,LT.NS,114566.0380859375,114566.0380859375
2024-05-08 00:00:00+05:30,774.6475590833579,LT.NS,116541.341796875,116541.341796875
2024-05-09 00:00:00+05:30,111335.29607137213,,0.0,111335.29607137213
2024-05-10 00:00:00+05:30,1105.162979865694,,0.0,1105.162979865694
2024-05-13 00:00:00+05:30,1105.162979865694,RELIANCE.NS,111391.54296875,111391.54296875
2024-05-14 00:00:00+05:30,1105.162979865694,RELIANCE.NS,112771.318359375,112771.318359375
2024-05-15 00:00:00+05:30,1105.162979865694,RELIANCE.NS,112469.5703125,112469.5703125
2024-05-16 00:00:00+05:30,1105.162979865694,RELIANCE.NS,113190.224609375,113190.224609375
2024-05-17 00:00:00+05:30,1105.162979865694,RELIANCE.NS,114012.1484375,114012.1484375
2024-05-21 00:00:00+05:30,1105.162979865694,RELIANCE.NS,114045.8984375,114045.8984375
2024-05-22 00:00:00+05:30,1105.162979865694,RELIANCE.NS,115993.486328125,115993.486328125
2024-05-23 00:00:00+05:30,1105.162979865694,RELIANCE.NS,118010.556640625,118010.556640625
2024-05-24 00:00:00+05:30,1105.162979865694,RELIANCE.NS,117549.9609375,117549.9609375
2024-05-27 00:00:00+05:30,1105.162979865694,RELIANCE.NS,116438.193359375,116438.193359375
2024-05-28 00:00:00+05:30,1105.162979865694,RELIANCE.NS,115640.087890625,115640.087890625
2024-05-29 00:00:00+05:30,1105.162979865694,RELIANCE.NS,114415.166015625,114415.166015625
2024-05-30 00:00:00+05:30,1105.162979865694,RELIANCE.NS,113150.517578125,113150.517578125
2024-05-31 00:00:00+05:30,1105.162979865694,RELIANCE.NS,113591.259765625,113591.259765625
2024-06-03 00:00:00+05:30,119708.1128356585,,0.0,119708.1128356585
2024-06-04 00:00:00+05:30,933.4759374964924,,0.0,933.4759374964924
2024-06-05 00:00:00+05:30,933.4759374964924,SBILIFE.NS,126258.78979492188,126258.78979492188
2024-06-06 00:00:00+05:30,130800.09524310673,,0.0,130800.09524310673
2024-06-07 00:00:00+05:30,130800.09524310673,,0.0,130800.09524310673
2024-06-10 00:00:00+05:30,130800.09524310673,,0.0,130800.09524310673
2024-06-11 00:00:00+05:30,130800.09524310673,,0.0,130800.09524310673
2024-06-12 00:00:00+05:30,130800.09524310673,,0.0,130800.09524310673
2024-06-13 00:00:00+05:30,130800.09524310673,,0.0,130800.09524310673
2024-06-14 00:00:00+05:30,130800.09524310673,,0.0,130800.09524310673
2024-06-18 00:00:00+05:30,130800.09524310673,,0.0,130800.09524310673
2024-06-19 00:00:00+05:30,130800.09524310673,,0.0,130800.09524310673
2024-06-20 00:00:00+05:30,130800.09524310673,,0.0,130800.09524310673
2024-06-21 00:00:00+05:30,130800.09524310673,,0.0,130800.09524310673
2024-06-24 00:00:00+05:30,408.2073230545211,,0.0,408.2073230545211
2024-06-25 00:00:00+05:30,408.2073230545211,SBIN.NS,133758.685546875,133758.685546875
2024-06-26 00:00:00+05:30,408.2073230545211,SBIN.NS,134250.99389648438,134250.99389648438
2024-06-27 00:00:00+05:30,408.2073230545211,SBIN.NS,134036.59899902344,134036.59899902344
2024-06-28 00:00:00+05:30,408.2073230545211,SBIN.NS,134822.72021484375,134822.72021484375
2024-07-01 00:00:00+05:30,408.2073230545211,SBIN.NS,133711.04663085938,133711.04663085938
2024-07-02 00:00:00+05:30,408.2073230545211,SBIN.NS,131201.82641601562,131201.82641601562
2024-07-03 00:00:00+05:30,408.2073230545211,SBIN.NS,133393.42419433594,133393.42419433594
2024-07-04 00:00:00+05:30,408.2073230545211,SBIN.NS,133290.18676757812,133290.18676757812
2024-07-05 00:00:00+05:30,408.2073230545211,SBIN.NS,136537.87939453125,136537.87939453125
2024-07-08 00:00:00+05:30,408.2073230545211,SBIN.NS,135982.04260253906,135982.04260253906
2024-07-09 00:00:00+05:30,408.2073230545211,SBIN.NS,136784.03356933594,136784.03356933594
2024-07-10 00:00:00+05:30,408.2073230545211,SBIN.NS,134830.6600341797,134830.6600341797
2024-07-11 00:00:00+05:30,408.2073230545211,SBIN.NS,136053.5108642578,136053.5108642578
2024-07-12 00:00:00+05:30,408.2073230545211,SBIN.NS,136529.9395751953,136529.9395751953
2024-07-15 00:00:00+05:30,408.2073230545211,SBIN.NS,139968.19775390625,139968.19775390625
2024-07-16 00:00:00+05:30,408.2073230545211,SBIN.NS,139864.97021484375,139864.97021484375
2024-07-18 00:00:00+05:30,141633.39407082018,,0.0,141633.39407082018
2024-07-19 00:00:00+05:30,151.636780839297,,0.0,151.636780839297
2024-07-22 00:00:00+05:30,151.636780839297,TATASTEEL.NS,144289.80793762207,144289.80793762207
2024-07-23 00:00:00+05:30,151.636780839297,TATASTEEL.NS,144019.80102539062,144019.80102539062
2024-07-24 00:00:00+05:30,151.636780839297,TATASTEEL.NS,144280.79974365234,144280.79974365234
2024-07-25 00:00:00+05:30,151.636780839297,TATASTEEL.NS,141652.76806640625,141652.76806640625
2024-07-26 00:00:00+05:30,151.636780839297,TATASTEEL.NS,146296.82231140137,146296.82231140137
2024-07-29 00:00:00+05:30,151.636780839297,TATASTEEL.NS,146584.8175048828,146584.8175048828
2024-07-30 00:00:00+05:30,151.636780839297,TATASTEEL.NS,147664.8451538086,147664.8451538086
2024-07-31 00:00:00+05:30,151.636780839297,TATASTEEL.NS,148798.8516998291,148798.8516998291
2024-08-01 00:00:00+05:30,151.636780839297,TATASTEEL.NS,146755.83265686035,146755.83265686035
2024-08-02 00:00:00+05:30,151.636780839297,TATASTEEL.NS,142399.77360534668,142399.77360534668
2024-08-05 00:00:00+05:30,136958.58550942023,,0.0,136958.58550942023
2024-08-06 00:00:00+05:30,93.29510095517617,,0.0,93.29510095517617
2024-08-07 00:00:00+05:30,93.29510095517617,WIPRO.NS,139902.9963684082,139902.9963684082
2024-08-08 00:00:00+05:30,93.29510095517617,WIPRO.NS,137062.18116760254,137062.18116760254
2024-08-09 00:00:00+05:30,93.29510095517617,WIPRO.NS,138187.24571228024,138187.24571228024
2024-08-12 00:00:00+05:30,93.29510095517617,WIPRO.NS,137554.40025329593,137554.40025329593
2024-08-13 00:00:00+05:30,93.29510095517617,WIPRO.NS,137962.2381591797,137962.2381591797
2024-08-14 00:00:00+05:30,93.29510095517617,WIPRO.NS,139270.14198303226,139270.14198303226
2024-08-16 00:00:00+05:30,93.29510095517617,WIPRO.NS,145204.9159240723,145204.9159240723
2024-08-19 00:00:00+05:30,93.29510095517617,WIPRO.NS,146189.34516906738,146189.34516906738
2024-08-20 00:00:00+05:30,93.29510095517617,WIPRO.NS,147567.56217956543,147567.56217956543
2024-08-21 00:00:00+05:30,147760.8022684142,,0.0,147760.8022684142
2024-08-22 00:00:00+05:30,925.5738055345137,,0.0,925.5738055345137
2024-08-23 00:00:00+05:30,925.5738055345137,ADANIPORTS.NS,146923.8914794922,146923.8914794922
2024-08-26 00:00:00+05:30,925.5738055345137,ADANIPORTS.NS,146061.8349609375,146061.8349609375
2024-08-27 00:00:00+05:30,925.5738055345137,ADANIPORTS.NS,145648.0458984375,145648.0458984375
2024-08-28 00:00:00+05:30,925.5738055345137,ADANIPORTS.NS,144805.69995117188,144805.69995117188
2024-08-29 00:00:00+05:30,925.5738055345137,ADANIPORTS.NS,145421.45288085938,145421.45288085938
2024-08-30 00:00:00+05:30,925.5738055345137,ADANIPORTS.NS,145997.7967529297,145997.7967529297
2024-09-02 00:00:00+05:30,925.5738055345137,ADANIPORTS.NS,147239.15185546875,147239.15185546875
2024-09-03 00:00:00+05:30,925.5738055345137,ADANIPORTS.NS,145766.27307128906,145766.27307128906
2024-09-04 00:00:00+05:30,925.5738055345137,ADANIPORTS.NS,145032.29296875,145032.29296875
2024-09-05 00:00:00+05:30,925.5738055345137,ADANIPORTS.NS,144386.98022460938,144386.98022460938
2024-09-06 00:00:00+05:30,142140.90620892143,,0.0,142140.90620892143
2024-09-09 00:00:00+05:30,329.3786948908528,,0.0,329.3786948908528
2024-09-10 00:00:00+05:30,329.3786948908528,COALINDIA.NS,145682.7661743164,145682.7661743164
2024-09-11 00:00:00+05:30,329.3786948908528,COALINDIA.NS,143561.7445678711,143561.7445678711
2024-09-12 00:00:00+05:30,329.3786948908528,COALINDIA.NS,147032.49829101562,147032.49829101562
2024-09-13 00:00:00+05:30,329.3786948908528,COALINDIA.NS,145430.62326049805,145430.62326049805
2024-09-16 00:00:00+05:30,329.3786948908528,COALINDIA.NS,146320.5538330078,146320.5538330078
2024-09-17 00:00:00+05:30,329.3786948908528,COALINDIA.NS,144911.4766845703,144911.4766845703
2024-09-18 00:00:00+05:30,329.3786948908528,COALINDIA.NS,144496.1790161133,144496.1790161133
2024-09-19 00:00:00+05:30,329.3786948908528,COALINDIA.NS,141781.88342285156,141781.88342285156
2024-09-20 00:00:00+05:30,329.3786948908528,COALINDIA.NS,145638.27209472656,145638.27209472656
2024-09-23 00:00:00+05:30,329.3786948908528,COALINDIA.NS,148500.89108276367,148500.89108276367
2024-09-24 00:00:00+05:30,329.3786948908528,COALINDIA.NS,149598.4900817871,149598.4900817871
2024-09-25 00:00:00+05:30,329.3786948908528,COALINDIA.NS,149895.1368713379,149895.1368713379
2024-09-26 00:00:00+05:30,329.3786948908528,COALINDIA.NS,150265.94046020508,150265.94046020508
2024-09-27 00:00:00+05:30,329.3786948908528,COALINDIA.NS,153098.9065246582,153098.9065246582
2024-09-30 00:00:00+05:30,329.3786948908528,COALINDIA.NS,151333.86694335938,151333.86694335938
2024-10-01 00:00:00+05:30,329.3786948908528,COALINDIA.NS,150844.40267944336,150844.40267944336
2024-10-03 00:00:00+05:30,329.3786948908528,COALINDIA.NS,149020.0376586914,149020.0376586914
2024-10-04 00:00:00+05:30,329.3786948908528,COALINDIA.NS,147492.30963134766,147492.30963134766
2024-10-07 00:00:00+05:30,329.3786948908528,COALINDIA.NS,142523.49060058594,142523.49060058594
2024-10-08 00:00:00+05:30,329.3786948908528,COALINDIA.NS,145905.2561645508,145905.2561645508
2024-10-09 00:00:00+05:30,329.3786948908528,COALINDIA.NS,144451.68493652344,144451.68493652344
2024-10-10 00:00:00+05:30,329.3786948908528,COALINDIA.NS,144792.83560180664,144792.83560180664
2024-10-11 00:00:00+05:30,329.3786948908528,COALINDIA.NS,146231.55587768555,146231.55587768555
2024-10-14 00:00:00+05:30,329.3786948908528,COALINDIA.NS,147818.60934448242,147818.60934448242
2024-10-15 00:00:00+05:30,329.3786948908528,COALINDIA.NS,146676.5358581543,146676.5358581543
2024-10-16 00:00:00+05:30,329.3786948908528,COALINDIA.NS,147062.17080688477,147062.17080688477
2024-10-17 00:00:00+05:30,329.3786948908528,COALINDIA.NS,145326.78414916992,145326.78414916992
2024-10-18 00:00:00+05:30,329.3786948908528,COALINDIA.NS,146009.07568359375,146009.07568359375
2024-10-21 00:00:00+05:30,329.3786948908528,COALINDIA.NS,143991.8735961914,143991.8735961914
2024-10-22 00:00:00+05:30,329.3786948908528,COALINDIA.NS,138934.07620239258,138934.07620239258
2024-10-23 00:00:00+05:30,329.3786948908528,COALINDIA.NS,140639.7903442383,140639.7903442383
2024-10-24 00:00:00+05:30,329.3786948908528,COALINDIA.NS,141574.2149963379,141574.2149963379
2024-10-25 00:00:00+05:30,137277.812979407,,0.0,137277.812979407
2024-10-28 00:00:00+05:30,1148.360019906715,,0.0,1148.360019906715
2024-10-29 00:00:00+05:30,1148.360019906715,HINDUNILVR.NS,137617.626953125,137617.626953125
2024-10-30 00:00:00+05:30,1148.360019906715,HINDUNILVR.NS,138011.95922851562,138011.95922851562
2024-10-31 00:00:00+05:30,1148.360019906715,HINDUNILVR.NS,136569.69970703125,136569.69970703125
2024-11-01 00:00:00+05:30,1148.360019906715,HINDUNILVR.NS,137069.37255859375,137069.37255859375
2024-11-04 00:00:00+05:30,1148.360019906715,HINDUNILVR.NS,136383.349609375,136383.349609375
2024-11-05 00:00:00+05:30,1148.360019906715,HINDUNILVR.NS,136196.98608398438,136196.98608398438
2024-11-06 00:00:00+05:30,1148.360019906715,HINDUNILVR.NS,136107.16796875,136107.16796875
2024-11-07 00:00:00+05:30,1148.360019906715,HINDUNILVR.NS,134735.59204101562,134735.59204101562
2024-11-08 00:00:00+05:30,1148.360019906715,HINDUNILVR.NS,136488.16650390625,136488.16650390625
2024-11-11 00:00:00+05:30,1148.360019906715,HINDUNILVR.NS,135581.95556640625,135581.95556640625
2024-11-12 00:00:00+05:30,1148.360019906715,HINDUNILVR.NS,133973.6083984375,133973.6083984375
2024-11-13 00:00:00+05:30,1148.360019906715,HINDUNILVR.NS,134161.3818359375,134161.3818359375
2024-11-14 00:00:00+05:30,131777.39434838505,,0.0,131777.39434838505
2024-11-18 00:00:00+05:30,96.22620327345794,,0.0,96.22620327345794
2024-11-19 00:00:00+05:30,96.22620327345794,IOC.NS,131473.76541137695,131473.76541137695
2024-11-21 00:00:00+05:30,96.22620327345794,IOC.NS,129093.57173156737,129093.57173156737
2024-11-22 00:00:00+05:30,96.22620327345794,IOC.NS,130970.06600952148,130970.06600952148
2024-11-25 00:00:00+05:30,96.22620327345794,IOC.NS,134713.2010498047,134713.2010498047
2024-11-26 00:00:00+05:30,96.22620327345794,IOC.NS,135266.2758026123,135266.2758026123
2024-11-27 00:00:00+05:30,96.22620327345794,IOC.NS,137281.04261779785,137281.04261779785
2024-11-28 00:00:00+05:30,96.22620327345794,IOC.NS,136046.5048828125,136046.5048828125
2024-11-29 00:00:00+05:30,96.22620327345794,IOC.NS,136915.631149292,136915.631149292
2024-12-02 00:00:00+05:30,96.22620327345794,IOC.NS,135947.73878479004,135947.73878479004
2024-12-03 00:00:00+05:30,96.22620327345794,IOC.NS,137784.74201965332,137784.74201965332
2024-12-04 00:00:00+05:30,96.22620327345794,IOC.NS,138130.41566467285,138130.41566467285
2024-12-05 00:00:00+05:30,96.22620327345794,IOC.NS,137715.61344909668,137715.61344909668
2024-12-06 00:00:00+05:30,96.22620327345794,IOC.NS,140204.44213867188,140204.44213867188
2024-12-09 00:00:00+05:30,96.22620327345794,IOC.NS,140569.8690032959,140569.8690032959
2024-12-10 00:00:00+05:30,96.22620327345794,IOC.NS,141764.90029907227,141764.90029907227
2024-12-11 00:00:00+05:30,96.22620327345794,IOC.NS,141419.22665405273,141419.22665405273
2024-12-12 00:00:00+05:30,96.22620327345794,IOC.NS,139730.38026428223,139730.38026428223
2024-12-13 00:00:00+05:30,142182.1101733771,,0.0,142182.1101733771
2024-12-16 00:00:00+05:30,886.0362818790891,,0.0,886.0362818790891
2024-12-17 00:00:00+05:30,886.0362818790891,SBILIFE.NS,140702.197265625,140702.197265625
2024-12-18 00:00:00+05:30,886.0362818790891,SBILIFE.NS,139534.423828125,139534.423828125
2024-12-19 00:00:00+05:30,886.0362818790891,SBILIFE.NS,140322.9248046875,140322.9248046875
2024-12-20 00:00:00+05:30,886.0362818790891,SBILIFE.NS,139793.93310546875,139793.93310546875
2024-12-23 00:00:00+05:30,886.0362818790891,SBILIFE.NS,140263.04931640625,140263.04931640625
2024-12-24 00:00:00+05:30,886.0362818790891,SBILIFE.NS,138436.51123046875,138436.51123046875
2024-12-26 00:00:00+05:30,886.0362818790891,SBILIFE.NS,140637.3291015625,140637.3291015625
2024-12-27 00:00:00+05:30,886.0362818790891,SBILIFE.NS,140263.04931640625,140263.04931640625
2024-12-30 00:00:00+05:30,886.0362818790891,SBILIFE.NS,140118.310546875,140118.310546875
2025-01-01 00:00:00+05:30,886.0362818790891,SBILIFE.NS,139773.974609375,139773.974609375
2025-01-02 00:00:00+05:30,886.0362818790891,SBILIFE.NS,141954.82177734375,141954.82177734375
2025-01-03 00:00:00+05:30,886.0362818790891,SBILIFE.NS,144494.98291015625,144494.98291015625
2025-01-06 00:00:00+05:30,886.0362818790891,SBILIFE.NS,143192.46826171875,143192.46826171875
2025-01-07 00:00:00+05:30,886.0362818790891,SBILIFE.NS,147494.27490234375,147494.27490234375
2025-01-08 00:00:00+05:30,886.0362818790891,SBILIFE.NS,146037.04833984375,146037.04833984375
2025-01-09 00:00:00+05:30,886.0362818790891,SBILIFE.NS,146566.0400390625,146566.0400390625
2025-01-10 00:00:00+05:30,886.0362818790891,SBILIFE.NS,147549.18212890625,147549.18212890625
2025-01-13 00:00:00+05:30,886.0362818790891,SBILIFE.NS,146461.24267578125,146461.24267578125
2025-01-14 00:00:00+05:30,886.0362818790891,SBILIFE.NS,149640.19775390625,149640.19775390625
2025-01-15 00:00:00+05:30,886.0362818790891,SBILIFE.NS,146995.22705078125,146995.22705078125
2025-01-16 00:00:00+05:30,886.0362818790891,SBILIFE.NS,151072.4609375,151072.4609375
2025-01-17 00:00:00+05:30,153462.3074051124,,0.0,153462.3074051124
2025-01-20 00:00:00+05:30,1043.541784693778,,0.0,1043.541784693778
2025-01-21 00:00:00+05:30,1043.541784693778,SUNPHARMA.NS,151936.0587158203,151936.0587158203
2025-01-22 00:00:00+05:30,1043.541784693778,SUNPHARMA.NS,155060.63525390625,155060.63525390625
2025-01-23 00:00:00+05:30,1043.541784693778,SUNPHARMA.NS,158047.2989501953,158047.2989501953
2025-01-24 00:00:00+05:30,1043.541784693778,SUNPHARMA.NS,157064.67260742188,157064.67260742188
2025-01-27 00:00:00+05:30,1043.541784693778,SUNPHARMA.NS,154017.67602539062,154017.67602539062
2025-01-28 00:00:00+05:30,147545.93768353385,,0.0,147545.93768353385
2025-01-29 00:00:00+05:30,693.475640122284,,0.0,693.475640122284
2025-01-30 00:00:00+05:30,693.475640122284,ASIANPAINT.NS,149361.9091796875,149361.9091796875
2025-01-31 00:00:00+05:30,693.475640122284,ASIANPAINT.NS,152744.34594726562,152744.34594726562
2025-02-01 00:00:00+05:30,693.475640122284,ASIANPAINT.NS,156086.95239257812,156086.95239257812
2025-02-03 00:00:00+05:30,693.475640122284,ASIANPAINT.NS,152176.74340820312,152176.74340820312
2025-02-04 00:00:00+05:30,693.475640122284,ASIANPAINT.NS,156299.40258789062,156299.40258789062
2025-02-05 00:00:00+05:30,693.475640122284,ASIANPAINT.NS,151044.826171875,151044.826171875
2025-02-06 00:00:00+05:30,693.475640122284,ASIANPAINT.NS,150261.45288085938,150261.45288085938
2025-02-07 00:00:00+05:30,693.475640122284,ASIANPAINT.NS,150765.99755859375,150765.99755859375
2025-02-10 00:00:00+05:30,693.475640122284,ASIANPAINT.NS,150709.564453125,150709.564453125
2025-02-11 00:00:00+05:30,693.475640122284,ASIANPAINT.NS,148764.42163085938,148764.42163085938
2025-02-12 00:00:00+05:30,693.475640122284,ASIANPAINT.NS,147927.93579101562,147927.93579101562
2025-02-13 00:00:00+05:30,693.475640122284,ASIANPAINT.NS,148468.990234375,148468.990234375
2025-02-14 00:00:00+05:30,693.475640122284,ASIANPAINT.NS,148130.42431640625,148130.42431640625
2025-02-17 00:00:00+05:30,693.475640122284,ASIANPAINT.NS,149428.30395507812,149428.30395507812
2025-02-18 00:00:00+05:30,693.475640122284,ASIANPAINT.NS,148548.66723632812,148548.66723632812
2025-02-19 00:00:00+05:30,693.475640122284,ASIANPAINT.NS,148648.25122070312,148648.25122070312
2025-02-20 00:00:00+05:30,693.475640122284,ASIANPAINT.NS,149308.79663085938,149308.79663085938
2025-02-21 00:00:00+05:30,693.475640122284,ASIANPAINT.NS,149876.41552734375,149876.41552734375
2025-02-24 00:00:00+05:30,693.475640122284,ASIANPAINT.NS,149119.59033203125,149119.59033203125
2025-02-25 00:00:00+05:30,693.475640122284,ASIANPAINT.NS,147695.57861328125,147695.57861328125
2025-02-27 00:00:00+05:30,693.475640122284,ASIANPAINT.NS,146958.6767578125,146958.6767578125
2025-02-28 00:00:00+05:30,693.475640122284,ASIANPAINT.NS,144708.14086914062,144708.14086914062
2025-03-03 00:00:00+05:30,693.475640122284,ASIANPAINT.NS,143821.86303710938,143821.86303710938
2025-03-04 00:00:00+05:30,142157.5888318837,,0.0,142157.5888318837
2025-03-05 00:00:00+05:30,6867.373328777583,,0.0,6867.373328777583
2025-03-06 00:00:00+05:30,6867.373328777583,BAJAJ-AUTO.NS,138278.2333984375,138278.2333984375
2025-03-07 00:00:00+05:30,6867.373328777583,BAJAJ-AUTO.NS,140362.89892578125,140362.89892578125
2025-03-10 00:00:00+05:30,6867.373328777583,BAJAJ-AUTO.NS,136817.11669921875,136817.11669921875
2025-03-11 00:00:00+05:30,6867.373328777583,BAJAJ-AUTO.NS,138976.8359375,138976.8359375
2025-03-12 00:00:00+05:30,6867.373328777583,BAJAJ-AUTO.NS,139256.63134765625,139256.63134765625
2025-03-13 00:00:00+05:30,6867.373328777583,BAJAJ-AUTO.NS,139064.85009765625,139064.85009765625
2025-03-17 00:00:00+05:30,6867.373328777583,BAJAJ-AUTO.NS,138719.25048828125,138719.25048828125
2025-03-18 00:00:00+05:30,6867.373328777583,BAJAJ-AUTO.NS,138719.25048828125,138719.25048828125
2025-03-19 00:00:00+05:30,6867.373328777583,BAJAJ-AUTO.NS,143088.7216796875,143088.7216796875
2025-03-20 00:00:00+05:30,146478.45806477033,,0.0,146478.45806477033
2025-03-21 00:00:00+05:30,589.3607136961073,,0.0,589.3607136961073
2025-03-24 00:00:00+05:30,589.3607136961073,INDUSINDBK.NS,145270.65264892578,145270.65264892578
2025-03-25 00:00:00+05:30,141225.02290876038,,0.0,141225.02290876038
2025-03-26 00:00:00+05:30,1239.628173906618,,0.0,1239.628173906618
2025-03-27 00:00:00+05:30,1239.628173906618,INFY.NS,140735.79125976562,140735.79125976562
2025-03-28 00:00:00+05:30,1239.628173906618,INFY.NS,137848.310546875,137848.310546875
2025-04-01 00:00:00+05:30,135510.06166518046,,0.0,135510.06166518046
2025-04-02 00:00:00+05:30,78.49674981136923,,0.0,78.49674981136923
2025-04-03 00:00:00+05:30,78.49674981136923,HINDALCO.NS,135410.82446289062,135410.82446289062
2025-04-04 00:00:00+05:30,131101.81778502476,,0.0,131101.81778502476
2025-04-07 00:00:00+05:30,926.4011580649967,,0.0,926.4011580649967
2025-04-08 00:00:00+05:30,142034.05222888084,,0.0,142034.05222888084
2025-04-09 00:00:00+05:30,768.9071508281049,,0.0,768.9071508281049
2025-04-11 00:00:00+05:30,768.9071508281049,JSWSTEEL.NS,149126.17700195312,149126.17700195312
2025-04-15 00:00:00+05:30,768.9071508281049,JSWSTEEL.NS,151799.2290649414,151799.2290649414
2025-04-16 00:00:00+05:30,768.9071508281049,JSWSTEEL.NS,152010.06134033203,152010.06134033203
2025-04-17 00:00:00+05:30,768.9071508281049,JSWSTEEL.NS,151678.7534790039,151678.7534790039
2025-04-21 00:00:00+05:30,155417.6965701319,,0.0,155417.6965701319
2025-04-22 00:00:00+05:30,133.22267660335638,,0.0,133.22267660335638
2025-04-23 00:00:00+05:30,133.22267660335638,TATASTEEL.NS,159186.3197631836,159186.3197631836
2025-04-24 00:00:00+05:30,133.22267660335638,TATASTEEL.NS,159592.30462646484,159592.30462646484
2025-04-25 00:00:00+05:30,133.22267660335638,TATASTEEL.NS,156581.33239746094,156581.33239746094
2025-04-28 00:00:00+05:30,133.22267660335638,TATASTEEL.NS,160212.53384399414,160212.53384399414
2025-04-29 00:00:00+05:30,133.22267660335638,TATASTEEL.NS,159569.74795532227,159569.74795532227
2025-04-30 00:00:00+05:30,133.22267660335638,TATASTEEL.NS,157968.400390625,157968.400390625
2025-05-02 00:00:00+05:30,133.22267660335638,TATASTEEL.NS,159456.96459960938,159456.96459960938
2025-05-05 00:00:00+05:30,133.22267660335638,TATASTEEL.NS,160223.80337524414,160223.80337524414
2025-05-06 00:00:00+05:30,133.22267660335638,TATASTEEL.NS,162885.19122314453,162885.19122314453
2025-05-07 00:00:00+05:30,133.22267660335638,TATASTEEL.NS,164644.4002685547,164644.4002685547
2025-05-08 00:00:00+05:30,133.22267660335638,TATASTEEL.NS,162016.85623168945,162016.85623168945
2025-05-09 00:00:00+05:30,133.22267660335638,TATASTEEL.NS,161013.19882202148,161013.19882202148
2025-05-12 00:00:00+05:30,170667.07699915944,,0.0,170667.07699915944
2025-05-13 00:00:00+05:30,315.94087798855617,,0.0,315.94087798855617
2025-05-14 00:00:00+05:30,315.94087798855617,EICHERMOT.NS,172057.015625,172057.015625
2025-05-15 00:00:00+05:30,315.94087798855617,EICHERMOT.NS,172673.03125,172673.03125
2025-05-16 00:00:00+05:30,315.94087798855617,EICHERMOT.NS,174047.203125,174047.203125
2025-05-19 00:00:00+05:30,315.94087798855617,EICHERMOT.NS,174694.8125,174694.8125
2025-05-20 00:00:00+05:30,315.94087798855617,EICHERMOT.NS,170193.1875,170193.1875
2025-05-21 00:00:00+05:30,315.94087798855617,EICHERMOT.NS,170872.375,170872.375
2025-05-22 00:00:00+05:30,315.94087798855617,EICHERMOT.NS,170177.390625,170177.390625
2025-05-23 00:00:00+05:30,315.94087798855617,EICHERMOT.NS,170588.0625,170588.0625
2025-05-26 00:00:00+05:30,315.94087798855617,EICHERMOT.NS,171456.796875,171456.796875
2025-05-27 00:00:00+05:30,315.94087798855617,EICHERMOT.NS,170256.359375,170256.359375
2025-05-28 00:00:00+05:30,315.94087798855617,EICHERMOT.NS,168266.171875,168266.171875
2025-05-29 00:00:00+05:30,315.94087798855617,EICHERMOT.NS,169924.65625,169924.65625
2025-05-30 00:00:00+05:30,315.94087798855617,EICHERMOT.NS,168487.296875,168487.296875
2025-06-02 00:00:00+05:30,315.94087798855617,EICHERMOT.NS,169356.03125,169356.03125
2025-06-03 00:00:00+05:30,315.94087798855617,EICHERMOT.NS,169134.90625,169134.90625
2025-06-04 00:00:00+05:30,315.94087798855617,EICHERMOT.NS,168045.03125,168045.03125
2025-06-05 00:00:00+05:30,315.94087798855617,EICHERMOT.NS,167697.546875,167697.546875
2025-06-06 00:00:00+05:30,315.94087798855617,EICHERMOT.NS,170398.515625,170398.515625
2025-06-09 00:00:00+05:30,315.94087798855617,EICHERMOT.NS,170303.75,170303.75
2025-06-10 00:00:00+05:30,315.94087798855617,EICHERMOT.NS,169877.28125,169877.28125
2025-06-11 00:00:00+05:30,315.94087798855617,EICHERMOT.NS,169071.71875,169071.71875
2025-06-12 00:00:00+05:30,315.94087798855617,EICHERMOT.NS,167918.671875,167918.671875
2025-06-13 00:00:00+05:30,315.94087798855617,EICHERMOT.NS,168029.234375,168029.234375
2025-06-16 00:00:00+05:30,315.94087798855617,EICHERMOT.NS,169482.390625,169482.390625
2025-06-17 00:00:00+05:30,315.94087798855617,EICHERMOT.NS,168724.234375,168724.234375
2025-06-18 00:00:00+05:30,315.94087798855617,EICHERMOT.NS,170366.921875,170366.921875
2025-06-19 00:00:00+05:30,315.94087798855617,EICHERMOT.NS,173541.765625,173541.765625
2025-06-20 00:00:00+05:30,315.94087798855617,EICHERMOT.NS,174536.859375,174536.859375
2025-06-23 00:00:00+05:30,315.94087798855617,EICHERMOT.NS,175405.59375,175405.59375
2025-06-24 00:00:00+05:30,315.94087798855617,EICHERMOT.NS,177822.265625,177822.265625
2025-06-25 00:00:00+05:30,315.94087798855617,EICHERMOT.NS,176147.96875,176147.96875
2025-06-26 00:00:00+05:30,315.94087798855617,EICHERMOT.NS,177269.421875,177269.421875
2025-06-27 00:00:00+05:30,315.94087798855617,EICHERMOT.NS,178801.5625,178801.5625
2025-06-30 00:00:00+05:30,315.94087798855617,EICHERMOT.NS,178691.0,178691.0
2025-07-01 00:00:00+05:30,315.94087798855617,EICHERMOT.NS,180554.828125,180554.828125
2025-07-02 00:00:00+05:30,315.94087798855617,EICHERMOT.NS,180775.953125,180775.953125
2025-07-03 00:00:00+05:30,315.94087798855617,EICHERMOT.NS,180570.625,180570.625
2025-07-04 00:00:00+05:30,315.94087798855617,EICHERMOT.NS,177822.265625,177822.265625
2025-07-07 00:00:00+05:30,315.94087798855617,EICHERMOT.NS,179512.34375,179512.34375
2025-07-08 00:00:00+05:30,315.94087798855617,EICHERMOT.NS,179417.578125,179417.578125
2025-07-09 00:00:00+05:30,315.94087798855617,EICHERMOT.NS,179907.21875,179907.21875
2025-07-10 00:00:00+05:30,315.94087798855617,EICHERMOT.NS,178548.84375,178548.84375
2025-07-11 00:00:00+05:30,315.94087798855617,EICHERMOT.NS,177301.015625,177301.015625
2025-07-14 00:00:00+05:30,315.94087798855617,EICHERMOT.NS,175026.515625,175026.515625
2025-07-15 00:00:00+05:30,315.94087798855617,EICHERMOT.NS,176621.828125,176621.828125
2025-07-16 00:00:00+05:30,315.94087798855617,EICHERMOT.NS,177743.28125,177743.28125
2025-07-17 00:00:00+05:30,315.94087798855617,EICHERMOT.NS,178485.65625,178485.65625
2025-07-18 00:00:00+05:30,315.94087798855617,EICHERMOT.NS,177774.875,177774.875
2025-07-21 00:00:00+05:30,315.94087798855617,EICHERMOT.NS,175579.34375,175579.34375
2025-07-22 00:00:00+05:30,315.94087798855617,EICHERMOT.NS,171835.875,171835.875
2025-07-23 00:00:00+05:30,315.94087798855617,EICHERMOT.NS,171899.0625,171899.0625
2025-07-24 00:00:00+05:30,315.94087798855617,EICHERMOT.NS,172767.796875,172767.796875
2025-07-25 00:00:00+05:30,315.94087798855617,EICHERMOT.NS,171630.546875,171630.546875
2025-07-28 00:00:00+05:30,315.94087798855617,EICHERMOT.NS,170145.796875,170145.796875
2025-07-29 00:00:00+05:30,315.94087798855617,EICHERMOT.NS,172815.1875,172815.1875
2025-07-30 00:00:00+05:30,315.94087798855617,EICHERMOT.NS,173146.875,173146.875
2025-07-31 00:00:00+05:30,315.94087798855617,EICHERMOT.NS,172752.0,172752.0
2025-08-01 00:00:00+05:30,315.94087798855617,EICHERMOT.NS,176896.0,176896.0
2025-08-04 00:00:00+05:30,315.94087798855617,EICHERMOT.NS,179872.0,179872.0
2025-08-05 00:00:00+05:30,315.94087798855617,EICHERMOT.NS,181792.0,181792.0
2025-08-06 00:00:00+05:30,315.94087798855617,EICHERMOT.NS,181376.0,181376.0
2025-08-07 00:00:00+05:30,315.94087798855617,EICHERMOT.NS,181808.0,181808.0
2025-08-08 00:00:00+05:30,315.94087798855617,EICHERMOT.NS,181216.0,181216.0
2025-08-11 00:00:00+05:30,315.94087798855617,EICHERMOT.NS,181488.0,181488.0
2025-08-12 00:00:00+05:30,315.94087798855617,EICHERMOT.NS,181056.0,181056.0
2025-08-13 00:00:00+05:30,315.94087798855617,EICHERMOT.NS,182864.0,182864.0
2025-08-14 00:00:00+05:30,184093.20086387882,,0.0,184093.20086387882
2025-08-18 00:00:00+05:30,925.2008638788247,,0.0,925.2008638788247
2025-08-19 00:00:00+05:30,925.2008638788247,ICICIBANK.NS,183846.40625,183846.40625
2025-08-20 00:00:00+05:30,925.2008638788247,ICICIBANK.NS,183116.796875,183116.796875
2025-08-21 00:00:00+05:30,925.2008638788247,ICICIBANK.NS,185088.0,185088.0
2025-08-22 00:00:00+05:30,925.2008638788247,ICICIBANK.NS,183859.203125,183859.203125
2025-08-25 00:00:00+05:30,925.2008638788247,ICICIBANK.NS,183449.59375,183449.59375
2025-08-26 00:00:00+05:30,925.2008638788247,ICICIBANK.NS,181324.796875,181324.796875
2025-08-27 00:00:00+05:30,925.2008638788247,ICICIBANK.NS,181324.796875,181324.796875
2025-08-28 00:00:00+05:30,925.2008638788247,ICICIBANK.NS,179084.796875,179084.796875
2025-08-29 00:00:00+05:30,925.2008638788247,ICICIBANK.NS,178918.40625,178918.40625
2025-09-01 00:00:00+05:30,925.2008638788247,ICICIBANK.NS,180608.0,180608.0
2025-09-02 00:00:00+05:30,925.2008638788247,ICICIBANK.NS,178457.59375,178457.59375
2025-09-03 00:00:00+05:30,925.2008638788247,ICICIBANK.NS,178816.0,178816.0
2025-09-04 00:00:00+05:30,925.2008638788247,ICICIBANK.NS,179904.0,179904.0
2025-09-05 00:00:00+05:30,925.2008638788247,ICICIBANK.NS,179558.40625,179558.40625
2025-09-08 00:00:00+05:30,925.2008638788247,ICICIBANK.NS,179545.59375,179545.59375
2025-09-09 00:00:00+05:30,925.2008638788247,ICICIBANK.NS,179673.59375,179673.59375
2025-09-10 00:00:00+05:30,925.2008638788247,ICICIBANK.NS,179699.203125,179699.203125
2025-09-11 00:00:00+05:30,925.2008638788247,ICICIBANK.NS,179404.796875,179404.796875
2025-09-12 00:00:00+05:30,925.2008638788247,ICICIBANK.NS,181465.59375,181465.59375
2025-09-15 00:00:00+05:30,925.2008638788247,ICICIBANK.NS,181683.203125,181683.203125
2025-09-16 00:00:00+05:30,925.2008638788247,ICICIBANK.NS,181964.796875,181964.796875
2025-09-17 00:00:00+05:30,925.2008638788247,ICICIBANK.NS,181657.59375,181657.59375
2025-09-18 00:00:00+05:30,925.2008638788247,ICICIBANK.NS,181977.59375,181977.59375
2025-09-19 00:00:00+05:30,925.2008638788247,ICICIBANK.NS,179481.59375,179481.59375
2025-09-22 00:00:00+05:30,925.2008638788247,ICICIBANK.NS,179392.0,179392.0
2025-09-23 00:00:00+05:30,925.2008638788247,ICICIBANK.NS,178470.40625,178470.40625
2025-09-24 00:00:00+05:30,177312.11904,,0.0,177312.11904
2025-09-25 00:00:00+05:30,2072.1190399999905,,0.0,2072.1190399999905
2025-09-26 00:00:00+05:30,2072.1190399999905,TITAN.NS,173019.6025390625,173019.6025390625
2025-09-29 00:00:00+05:30,2072.1190399999905,TITAN.NS,176862.3974609375,176862.3974609375
2025-09-30 00:00:00+05:30,2072.1190399999905,TITAN.NS,175084.0,175084.0
2025-10-01 00:00:00+05:30,2072.1190399999905,TITAN.NS,177231.6025390625,177231.6025390625
